title,videoIDS,publishedDate,likes,views,comment
THIS ASSET could have given YOU 43% ANNUAL RETURNS! | Investing for Beginners | Ankur Warikoo Hindi,GbP2LXzyp2Q,2022-08-30T16:00:18Z,50,95,6
There is NOTHING you CANNOT DO! | Money talks with @Finance With Sharan |  Ankur Warikoo,TgH1RDdCCCs,2022-08-27T16:00:16Z,3612,94420,427
HOW do MY Interns EARN MORE MONEY THAN a FULL TIME EMPLOYEE?! | Ankur Warikoo Hindi,-DjPMNIQiuE,2022-08-25T16:00:01Z,7325,152780,1238
6 COURSES that will CHANGE YOUR CAREER! | Online Courses and Skills 2022 | Warikoo Hindi,-lRjuaJRKZg,2022-08-23T16:00:00Z,7056,136625,3187
Zerodha founder on INVESTING and MAKING MONEY! | Money Talks with Nikhil Kamath | Ankur Warikoo,nb7HmodAn-M,2022-08-20T16:00:34Z,4379,129384,454
"30 Books YOU NEED to READ, NOW! | Book Recommendations 2022 | Ankur Warikoo Hindi",nXPSurPBBUg,2022-08-18T16:00:29Z,17146,251548,20876
My CALCULATORS for FINANCIAL GOAL SETTING! | Personal Finance for 20s! | Warikoo Hindi,6C3e3Tf7gaQ,2022-08-16T16:00:03Z,7018,154623,737
Systematic Withdrawal Plan EXPLAINED! | EARN and MAKE MONEY while INVESTING! | Warikoo Hindi,UHk2YF0TK10,2022-08-13T16:00:14Z,7053,204277,662
"Making MONEY at the AGE of 15, CONTENT and MORE! | Money talks with Anushka Rathod | Warikoo Hindi",A7Iyq9LTPOU,2022-08-11T16:00:06Z,2533,79430,428
You CAN'T MISS THIS if YOU'RE in your 20s! | The DEFINING DECADE with Meg Jay! | Warikoo,x3wk42WHHdA,2022-08-09T16:00:37Z,2673,64276,185
30+% RETURNS? | Momentum Investing EXPLAINED for Beginners! | Warikoo Hindi,p6c7_QLw4no,2022-08-06T16:00:23Z,2280,87049,690
This WOULD HAVE made me MORE SUCCESSFUL! | Common First Job Mistakes | Warikoo Hindi,zQQHtcddIqE,2022-08-04T16:00:37Z,7996,167716,727
Money Talks with Psychology of Money author Morgan Housel! | Ankur Warikoo,0MJWmHWcMgk,2022-08-02T16:00:00Z,6649,172830,585
"SHARK TANK Ghazal Alagh on Business, Money and MORE! | Money Talks | Warikoo Hindi",UoT1gVN0Go8,2022-07-30T16:00:30Z,5163,157172,592
5 STEPS YOU can take to OVERCOME FAILURE | Warikoo Hindi,5KWt3JyT94E,2022-07-28T16:00:03Z,5799,105251,779
STOCK MARKET INVESTING for BEGINNERS! | Investment Tips 2022 | Warikoo Hindi,HNPbY6fSeo8,2022-07-26T16:00:20Z,8702,180315,1060
THE MAN WHO MAKES MORE PEOPLE DREAM! | KUNAL SHAH on Money talks! | Ankur Warikoo Hindi,GaC9m93ACP8,2022-07-23T16:00:16Z,11248,311630,894
10 PROVEN ways to get PAID INTERNSHIPS! | Earn Money in 2022 | Ankur Warikoo Hindi,iAyP6IZCXX4,2022-07-21T16:00:26Z,3317,61987,290
Money Traps to Avoid in your 20s! | The World teaches you wrong lessons! | Ankur Warikoo Hindi,n4Cadc9q2IY,2022-07-19T16:00:26Z,7497,132744,1133
Choosing Mutual Funds for the BEST RETURNS! | Investing for Beginners | Warikoo Hindi,FhI19ZW4ArM,2022-07-16T16:00:11Z,6774,179794,500
30 WAYS TO MAKE MONEY EXPLAINED! | Passive Income Ideas 2022 | Ankur Warikoo Hindi,EpK8o2MXijU,2022-07-14T16:00:10Z,11157,244197,750
Sapiens Book Review (Hindi) in 10 MINUTES! | Book Recommendations 2022 | Ankur Warikoo,y2wx42dVKzo,2022-07-12T16:00:36Z,4895,105159,7361
"""GOOGLE MAPS helped me EARN MONEY!!"" | @Neha Nagar on Money Talks! | Ankur Warikoo Hindi",xQnI8r5udc4,2022-07-09T16:00:33Z,6229,215644,652
DOING AN MBA CAN GIVE YOU A 30% SALARY HIKE! | Benefits of ONLINE MBA | Ankur Warikoo Hindi,wa9Sm2Fmmro,2022-07-07T16:00:37Z,3830,83108,767
I took ONE DECISION and it CHANGED MY LIFE! | Making Money buys you FREEDOM | Warikoo Hindi,dFXZ-lmt0ck,2022-07-05T16:07:22Z,9095,165925,1653
LOSS of 25 LAKHS+ to BUILDING MULTIPLE BUSINESSES! | Money talks with @Aman Dhattarwal | Warikoo,66V6YAYBVDo,2022-06-30T16:00:07Z,10816,233667,687
THIS is why I DIDN'T BUY A CAR! | BUY A NEW CAR EVERY 3 YEARS! | Ankur Warikoo Hindi,PLyZzQoZlXw,2022-06-28T16:00:12Z,5279,164858,1471
YOU DON'T HAVE TO WORK AFTER 40! | Investing and Compounding EXPLAINED! | Ankur Warikoo Hindi Video,ecVVVfa9r7s,2022-06-25T16:00:20Z,8126,230661,1265
SCHOLARSHIPS for INDIAN STUDENTS | Study Abroad TIPS 2022! | Ankur Warikoo Hindi Video,fjiv1Jo7e_k,2022-06-23T16:00:20Z,1989,43130,159
How OFTEN do you OVERTHINK? | Possibility vs Probability! | Ankur Warikoo Hindi Video,HborvNs-2Ss,2022-06-21T16:00:15Z,7365,114948,788
"Money, Spirituality, Content and more with @BeerBiceps! | Money talks with Ranveer! | Warikoo Hindi",osPsgJRUTFE,2022-06-18T16:00:32Z,11576,300700,688
Application process for Foreign Universities - EXPLAINED! | Ankur Warikoo Hindi,khg1ATkPRsY,2022-06-16T16:00:33Z,2284,51862,183
INVESTING CAN MAKE YOU A MILLIONAIRE! | Investment for Beginners 2022 | Warikoo Hindi,Wbj-pbnZsgw,2022-06-14T16:00:24Z,11238,266160,1718
The INVESTMENTS that CHANGED MY LIFE! | Investing in YOUR 20s | Warikoo Hindi,xIK7I2kBlfw,2022-06-11T16:00:24Z,6379,125306,755
BEST COUNTRY AND COURSE TO STUDY ABROAD - ANSWERED! | Ankur Warikoo Hindi,QS5RlK0Cq34,2022-06-09T16:00:14Z,5582,1319991,787
SELECTING 8 INDIAN STOCKS using THE INTELLIGENT INVESTOR! | Book Review | Warikoo Hindi,wCpOnFOvi6g,2022-06-07T16:00:29Z,7668,171919,912
BUILDING MULTIPLE INCOME STREAMS?! | Money talks with @Akshat Shrivastava | Warikoo Hindi,gdvnx3evcwA,2022-06-04T16:00:47Z,7188,185223,796
Investing in a BEAR MARKET IN THE US? | US Stock Market Investing | Warikoo Hindi,udsm9adINcw,2022-06-02T16:00:28Z,4796,132029,831
VOLATILE MARKETS - WHERE SHOULD YOU INVEST? | Investing For Beginners 2022 | Warikoo Hindi,xjqMK3hryz0,2022-05-31T16:00:33Z,9086,212562,1037
Money YOU NEED for a LIFETIME! | Financial Planning for EVERYONE! | Ankur Warikoo Hindi,13nhoS_XYfg,2022-05-28T16:00:01Z,12852,320900,1799
METAVERSE EXPLAINED in 15 MINUTES! | Web3 For Beginners | Ankur Warikoo Hindi,yvBWBArAKeM,2022-05-26T16:00:37Z,5328,134535,586
20 MUST READ BOOKS FOR YOUR 20s! | GIVING AWAY UNLIMITED BOOKS! | Warikoo Books Hindi,dIShRJaRHGM,2022-05-24T16:00:36Z,15078,198287,10579
Lab Assistant to the CEO of Edelweiss at 32! | Money Talks with Radhika Gupta! | Warikoo Hindi,sXuX99BndMg,2022-05-21T16:00:36Z,3371,111817,376
10 SKILLS - EARN 1 LAC/MONTH! | Top Online Courses 2022 | Ankur Warikoo Hindi,opRm8sr_2Qg,2022-05-19T16:00:24Z,21992,354366,1343
REIT - UPTO 23.5% ANNUAL RETURNS! | Real Estate Investing EXPLAINED! | Ankur Warikoo Hindi,ePMsEiaRFFY,2022-05-17T16:00:33Z,25841,649373,1693
MARKETS CRASHING! - WHAT SHOULD YOU DO?! | Investing Strategy 2022 | Ankur Warikoo Hindi,_4NkigvjnZc,2022-05-14T16:00:51Z,7385,191748,1376
ALL ABOUT MAKING MONEY WITH @Ishan Sharma! | Ankur Warikoo Hindi,SZVt3z3xbTg,2022-05-12T16:00:22Z,14716,354398,741
The Courage to be Disliked - BOOK REVIEW IN 10 MINUTES! | Ankur Warikoo Hindi,vB1SU3XTd1I,2022-05-10T16:00:32Z,7885,132116,704
Things EVERYONE should know about MONEY! | Candid LESSONS with @Tanmay Bhat | Warikoo Hindi,jQSzZwsljG8,2022-05-07T16:00:18Z,14983,320438,749
Reduce CAPITAL GAIN TAX by 90%! | Tax Harvesting EXPLAINED! | Ankur Warikoo Hindi,RqwV6VOw2g8,2022-05-05T16:00:09Z,8306,184876,1227
The BEST INVESTMENT portfolio for YOUR AGE! | Investing for Beginners | Ankur Warikoo Hindi,wNkR2V5pSeY,2022-05-03T16:00:29Z,8872,193271,749
Get OUT of LOAN and DEBT! | Repay Loans quickly 2022! | Ankur Warikoo Hindi,bzrLak6iw20,2022-04-30T16:00:31Z,5598,134308,563
Career Change - 5 STEP FRAMEWORK! | Switching Jobs | Ankur Warikoo Hindi,9lVjGhIr9p8,2022-04-28T16:00:04Z,5161,130009,413
COMPLETE GUIDE to US Stock Market Investing! | Ankur Warikoo Hindi,01GRBpGBKCw,2022-04-26T15:59:44Z,7059,164947,1319
BUYING a Car - are you LOSING MONEY? | Ankur Warikoo Hindi,dRnABh-rjwQ,2022-04-23T16:00:30Z,16954,396104,4333
STARTUP vs. CORPORATE - Which is the BEST for YOU? | Ankur Warikoo Hindi,mKwZeCrab8M,2022-04-21T16:00:18Z,4543,105193,473
TAKE CHARGE of YOUR MONEY in 10 MINUTES! | Financial Planning | Ankur Warikoo Hindi,lHpYxqiRXkw,2022-04-19T16:00:33Z,10670,171933,1069
10 SIGNS that you WILL become RICH! | Ankur Warikoo Hindi,WGHbhxghEhQ,2022-04-16T16:00:13Z,12408,214100,1175
14 ONLINE COURSES that can make you RICH! | Ankur Warikoo Hindi,o21LkcxuLx8,2022-04-14T16:00:33Z,35070,799312,6864
5 KEY Tips to a LONG and HAPPY LIFE! | IKIGAI BOOK REVIEW in HINDI | Ankur Warikoo,3UNFI4ru7SE,2022-04-12T16:00:01Z,10358,201818,3342
My MOTHER taught me THIS! | Ankur Warikoo #Shorts,C8UYlvHtqrY,2022-04-11T06:30:01Z,9923,131743,198
A FUNNY Incident with MY PARENTS! | Ankur Warikoo #Shorts,HwS53PhPZDc,2022-04-10T06:30:05Z,20501,340546,540
A LIFE LESSON I learnt from MY MOTHER! | Ankur Warikoo #Shorts,DZGoHZtZZXw,2022-04-09T08:47:25Z,14256,137428,170
How MY DAUGHTER reads BOOKS! | Ankur Warikoo #Shorts,DsHnV67nN0k,2022-04-08T06:30:05Z,14182,171636,129
I DROPPED OUT of my education IN AMERICA! | Ankur Warikoo #Shorts,ypWdlHganhI,2022-04-07T06:30:17Z,22648,348270,348
This advice CHANGED the way I WORK! | Ankur Warikoo #Shorts,KDef8SDAW_s,2022-04-05T06:30:06Z,13944,171666,93
COMPLETE GUIDE to SMALLCASE Investments! | Investing for Beginners | Ankur Warikoo Hindi,GhNpAPPIVIk,2022-04-02T16:00:12Z,14124,376507,1604
"Study in US, UK, Canada | Is it Worth it? | Ankur Warikoo Hindi",JBX7-71euk4,2022-03-31T16:00:08Z,15413,343889,2079
"I had NO JOB, NO MONEY! | Ankur Warikoo #Hindi",vaaL8PVlO8M,2022-03-29T16:00:35Z,12896,194745,1243
5 apps I use for INVESTING! | Ankur Warikoo #Shorts,rBMwZP2XpkA,2022-03-28T06:30:14Z,24312,380413,500
CREDIT CARDS ARE AWESOME! | Ankur Warikoo #shorts,AnLf_olGzwg,2022-03-27T06:30:05Z,6694,113207,93
How to invest in Real Estate? | Ankur Warikoo | My experience with Real estate investing,9yMg2RZE0Gc,2022-03-26T16:00:03Z,10750,284447,1590
3 MUST-READ BOOKS | Ankur Warikoo #shorts,JEc7EiKeLNI,2022-03-26T06:30:02Z,12637,121693,67
CREDIT CARDS ARE A DISASTER! #shorts,jnxuueZqBAc,2022-03-25T06:30:06Z,2689,43905,45
I STARTED investing at 39! | Ankur Warikoo,ua670SsYMQU,2022-03-24T16:00:22Z,6490,154277,795
START INVESTING IN YOUR 20s - 3 WAYS | Ankur Warikoo #shorts,67GaoYVtCOI,2022-03-24T06:30:00Z,13256,138813,244
3 THINGS TO DO BEFORE YOU START INVESTING | Ankur Warikoo #shorts,HAEq3-KaCp4,2022-03-23T06:30:02Z,14939,167508,146
Grow your money through Excel | Ankur Warikoo | Personal Finance | Investing using Excel,674nedqMwR0,2022-03-22T16:00:02Z,8829,227335,750
How to RE-PAY LOANS Quickly? | Ankur Warikoo #shorts,Gzm70980UOs,2022-03-22T06:30:04Z,17371,222416,274
THESE 3 THINGS WILL MAKE you POOR! | Ankur Warikoo #Shorts,OrRR6r1OL8U,2022-03-21T06:30:06Z,10548,125439,129
What is YOUR RELATIONSHIP with MONEY? | Ankur Warikoo #Shorts,S0V3x__mTLk,2022-03-20T06:30:03Z,6034,85506,102
BEST Strategy for Short Term Investing | FIXED 11% RATE OF RETURN! | Ankur Warikoo Hindi,458ScyLBMn0,2022-03-19T16:51:30Z,18815,652834,1442
WHAT is an EMERGENCY FUND and WHERE to KEEP IT? | Ankur Warikoo #Shorts,lJkughEU3AQ,2022-03-19T06:30:14Z,13720,192968,255
3 Ways YOU can be SMART about MONEY! | Ankur Warikoo #shorts,E6Fw-5LMGVo,2022-03-18T07:55:01Z,12165,138827,172
Parents - 11 HARSH TRUTHS. | Ankur Warikoo Hindi,Eia-2dnmD7g,2022-03-17T16:00:11Z,14040,321885,1435
THIS SMALL THING CAN CHANGE YOUR LIFE! | Ankur Warikoo #shorts,nhw7PZbv1nA,2022-03-17T06:30:16Z,13889,111413,175
7 Ways to Get Salary Increment - GUARANTEED! | Ankur Warikoo Hindi,b6Ll-VYhQX0,2022-03-15T16:00:30Z,9515,212668,711
3 Ways I LOST MONEY in MY 20s! | Ankur Warikoo #Shorts,fm5uj25yVvk,2022-03-15T06:30:05Z,17286,215461,159
I wish SOMEONE TOLD THIS to me in my 20s! | Ankur Warikoo #Shorts,cNoUEanBZfE,2022-03-14T06:30:04Z,27873,459962,216
Get STARTED with Stock Market Investing! | Ankur Warikoo #Shorts,LILp_Lr7ENc,2022-03-13T17:30:01Z,15152,193062,120
7 ASSETS that WILL make you RICH! | Personal Finance for Beginners | Ankur Warikoo Hindi,zL3CniOFMvU,2022-03-12T16:00:37Z,24579,561694,2077
Golden Rule of MANAGING YOUR MONEY! | Ankur Warikoo #Shorts,4TBT2_3GN2M,2022-03-12T06:30:02Z,6614,72105,92
The BIGGEST GOLDEN RULE of INVESTING! | Ankur Warikoo #Shorts,5be1I8g_XtM,2022-03-11T15:30:02Z,9818,151216,91
Rich Dad Poor Dad Book Review | Books on Money! | Ankur Warikoo Hindi,zaFAsFP-u2U,2022-03-10T16:00:29Z,21688,471063,1500
3 reasons you should NOT BUY A HOUSE! | Ankur Warikoo #Shorts,iXI7GBhgUQY,2022-03-10T06:30:07Z,15008,265818,276
The BIGGEST MONEY LESSON in LIFE! | Ankur Warikoo #Shorts,ZcBLzLZClcs,2022-03-09T06:30:05Z,10085,145261,85
A CA to 3.5M subscribers on YouTube: @CA Rachana Phadke Ranade's #CreatingForIndia journey,3XBssbaxqMU,2022-03-08T16:00:02Z,8935,218843,811
3 ways YOU ARE READING BOOKS WRONG! | Ankur Warikoo,Ui9OLJSOet8,2022-03-08T06:30:04Z,32524,454500,370
2 types of people in this world! | Ankur Warikoo #Shorts,u3V6NRal0Tg,2022-03-07T15:30:16Z,9210,135060,125
3 Books you CAN'T MISS in YOUR 20s! | Ankur Warikoo #Shorts,uZYLytAQSVc,2022-03-06T06:30:10Z,9468,88494,118
Retire with 4 CRORES! | Financial Planning for Beginners | Ankur Warikoo Hindi,4BXPxuwAp-Q,2022-03-05T16:00:01Z,12861,283402,1190
3 TRUTHS about Investing that NO ONE TALKS ABOUT! | Ankur Warikoo #Shorts,-nGG2NECuVI,2022-03-04T06:30:00Z,14680,213691,207
Hard hitting responses to your questions | Ankur Warikoo Hindi,u71ErGPxBrs,2022-03-03T17:12:14Z,4700,95042,463
3 FAST TRACK ways to GROW KNOWLEDGE! | Ankur Warikoo #Shorts,LNQfgVNORDw,2022-03-03T06:30:06Z,13889,146903,112
1 IMPORTANT LIFE CHOICE YOU MUST MAKE! | Ankur Warikoo #Shorts,vSm651rJBes,2022-03-02T06:30:08Z,10392,113255,121
Earn MONEY in the Stock Market in 2022 | Investing Tips for Beginners | Ankur Warikoo Hindi,AbMYbLw5qwc,2022-03-01T16:00:08Z,13462,317653,1693
NUMBER 1 LIFE SKILL EVER! | Ankur Warikoo #Shorts,yBi6JvtQzio,2022-03-01T08:39:26Z,12580,121712,104
DON'T FOLLOW THESE 3 TYPES OF PEOPLE! | Ankur Warikoo #Shorts,39I_5iNyKUo,2022-02-28T06:30:01Z,5692,70424,191
Rs. 500 to Rs. 3.5 CRORES! | Ankur Warikoo #Shorts,2vjVhzbkqvA,2022-02-27T06:30:00Z,69508,1157097,1743
Earn 7 Crores in 1 year! | Online courses | Ankur Warikoo Hindi,AAt6CbPjqVs,2022-02-26T16:00:08Z,5862,138836,662
3 THINGS - Are you STILL DOING THESE in your 20s?! | Ankur Warikoo #Shorts,TDIEUWWysMA,2022-02-26T06:30:08Z,8350,85749,64
Success Vs. Failure - THE REAL TRUTH! | Ankur Warikoo #Shorts,mjgxnF-om0Q,2022-02-25T06:30:07Z,9689,90508,166
How I SPEND MY MONEY? |  Personal Finance | Ankur Warikoo Hindi,LIItg5G7PzQ,2022-02-24T16:00:10Z,8895,164493,1127
Are YOU in a HEALTHY RELATIONSHIP? - 3 SIGNS! | Ankur Warikoo #Shorts,dQWjuW1Nfn4,2022-02-24T06:30:07Z,7552,86304,86
ZINDA HO TUM - Ankur Warikoo Spin! | #Shorts,oeGUE_kC31k,2022-02-23T06:30:11Z,10432,86021,266
REACTING TO HATE and MEAN COMMENTS ON THE INTERNET! | Ankur Warikoo,ELRsATM7yOw,2022-02-22T16:00:05Z,10070,155738,1525
2022 - 3 EXTREMEMLY POWERFUL HABITS! | Ankur Warikoo #Shorts,A1epsOLpGIU,2022-02-22T06:30:01Z,21899,203555,180
2022 - 3 Life Skills YOU CAN'T SURVIVE WITHOUT! | Ankur Warikoo #Shorts,tHgBJ4t8xJ0,2022-02-21T06:30:17Z,32797,316915,281
Are you STUCK IN LIFE?! | Ankur Warikoo #Shorts,5vbKtjqL0nU,2022-02-20T06:30:01Z,12111,129372,90
Investing vs Loan Repayment EXPLAINED with Excel Sheet! | Ankur Warikoo Hindi,ZLoeS3npdi0,2022-02-19T16:00:10Z,12515,482020,1285
Are you not enjoying college? | Ankur Warikoo #Shorts,KKv-q9HEwX0,2022-02-19T06:30:06Z,9411,123432,126
Are you REALLY FREE from THESE 3 Things? | Ankur Warikoo #shorts,g5jJK6celws,2022-02-18T09:11:00Z,5974,76078,94
LIFE CHANGING Habits you NEED to WATCH! | Ankur Warikoo Hindi,xkm6dhRkMQ8,2022-02-17T16:00:22Z,46401,744316,2630
3 Productivity hacks NO ONE told you about | Ankur Warikoo #Shorts,eS6oHHg-BjA,2022-02-17T06:30:07Z,12782,126614,76
3 MISTAKES To Avoid in your 20s | Ankur Warikoo #Shorts,hB_Bs3rbn5E,2022-02-16T10:11:50Z,9961,105684,87
Are you WASTING your HARD EARNED MONEY? | Personal Finance 101 | Ankur Warikoo Hindi,U8vaPjDuATI,2022-02-15T16:00:20Z,28541,795120,2909
3 SMALL Things that make ME HAPPY! | Ankur Warikoo #Shorts,E73Jk982qHY,2022-02-15T06:30:04Z,7555,68061,102
MY FAVOURITE QUOTE of All Time! | Ankur Warikoo #Shorts,P_IZJkpouw8,2022-02-14T06:30:08Z,10263,92403,196
3 books YOU CAN'T MISS! | Ankur Warikoo #Shorts,wSG1T9vGaTk,2022-02-13T06:30:18Z,12695,103348,182
INVESTING? 10 things YOU MUST know! | Ankur Warikoo Hindi Video,eQPfyoF8dy4,2022-02-12T16:00:30Z,4864,110882,506
3 things to RUN AFTER in your 20s! | Ankur Warikoo #Shorts,qk_PsIxOO3o,2022-02-12T06:30:13Z,7613,73301,66
This is what I do when I'm lost! | Ankur Warikoo #Shorts,H6GHn3pEs-o,2022-02-11T06:30:02Z,8305,80918,114
4 POWERFUL ways to calmly resolve Disagreements | Ankur Warikoo Hindi,SDrpeumtOp8,2022-02-10T16:00:10Z,6546,126971,861
I wish I could..... | Ankur Warikoo #Shorts,Ghme1UBRW1c,2022-02-10T06:30:02Z,8396,92916,60
The BIGGEST Mistake of my Career | Ankur Warikoo #Shorts,PMcmrRZF2SQ,2022-02-09T06:30:04Z,5806,83506,73
Atomic Habits Book Review in Hindi | Ankur Warikoo,CmcmxPXyDuM,2022-02-08T16:00:05Z,20810,415665,947
I DISAPPOINTED my Parents | Ankur Warikoo #Shorts,90zAwsRRc88,2022-02-08T06:30:02Z,8631,82640,99
STAY AWAY from THESE People! | Ankur Warikoo #Shorts,Rik169B1PsU,2022-02-07T06:30:03Z,6851,89917,160
3 steps to better MENTAL STRENGTH! | Ankur Warikoo #Shorts,YAzXcgVXNls,2022-02-06T06:30:05Z,14431,113818,96
How I track my investments in 2022 | Ankur Warikoo Hindi,s9J3mFM1sjo,2022-02-05T16:00:19Z,3779,101017,690
3 reasons you will NOT get RICH! | Ankur Warikoo #Shorts,yU--QTU69Q8,2022-02-05T06:30:12Z,45006,679598,393
Why are you STILL FRIENDS?! | Ankur Warikoo #Shorts,aOU3LvX2GkA,2022-02-04T06:30:01Z,13084,122994,194
How to start meditation | Meditation For Beginners | Ankur Warikoo,JzXrbElMRsM,2022-02-03T16:00:17Z,13600,299633,1275
The WORST way to teach a Lesson! | Ankur Warikoo #Shorts,pZLJ_aqWJb0,2022-02-03T06:30:08Z,19837,272413,370
3 BEST Career Tips for your 20s! | Ankur Warikoo #Shorts,f_1b_Vv8e_M,2022-02-02T06:30:12Z,14920,163325,136
12 Side Income Ideas for 2022! | Replace Your Current Job! | Ankur Warikoo Hindi,-bX4Wp_JNiE,2022-02-01T16:00:00Z,19355,422350,988
Become a Time Management NINJA in 2022! | Ankur Warikoo #Shorts,08ENZFsypLc,2022-02-01T06:30:00Z,14507,162299,128
7 Autobiographies you CAN'T miss! | Ankur Warikoo #Shorts,cv_zngyS0E0,2022-01-31T06:30:05Z,11107,122355,217
STOP BELIEVING THIS LIE! | Ankur Warikoo #Shorts,_L-exNaRkKk,2022-01-30T06:30:11Z,19109,217249,315
NFTs: How to buy and sell - Complete Guide w/ @Mohit Mamoria | Ankur Warikoo,peUF5SyBXJE,2022-01-29T16:00:21Z,21675,587005,2633
3 things BEST Friends do! | Ankur Warikoo #Shorts,_HCkTSZ42Ec,2022-01-29T06:30:12Z,18430,199815,172
3 Promises to make with Money in 2022 | Ankur Warikoo #Shorts,mFI1VDTSvN4,2022-01-28T06:30:08Z,10028,121974,100
COMPLETE Tax Planning for Salaried Individuals! | Ankur Warikoo Hindi,UNCQMV8RU_M,2022-01-27T16:00:39Z,12059,284783,9052
5 ideas to make Money Online in 2022! | Ankur Warikoo #Shorts,03w6EuSB3B0,2022-01-27T06:30:01Z,12173,153601,96
3 Mistakes we make with our TIME | Ankur Warikoo #Shorts,NO9bTIbp5gc,2022-01-26T08:47:04Z,14716,148000,103
5 Investing ideas for 2022 | Investing For Beginners | Ankur Warikoo Hindi,Y1V8xYVboLo,2022-01-25T16:00:14Z,6609,153128,562
3 Hacks to Control Phone Addiction | Ankur Warikoo #Shorts,YLcdjROlfNU,2022-01-25T06:30:10Z,12511,192945,122
1 Question I Ask Myself Every Time | Ankur Warikoo #Shorts,ctWCHL1-xFM,2022-01-24T06:30:12Z,6713,70409,98
New to Investing? Try THESE 3 things! | Ankur Warikoo #Shorts,vXxb8iZpTI0,2022-01-23T06:30:18Z,11273,135914,142
"15 Crore business in 12 months, from zero! | Reinventing my Life at 40! | Ankur Warikoo Hindi",7TSncq7QgFE,2022-01-22T16:00:04Z,43869,1027271,4756
3 TRUTHS About Life you MUST know | Ankur Warikoo #Shorts,wle3RwBixE4,2022-01-22T06:30:08Z,10333,115385,94
5 tips to deal with Emergencies! | Ankur Warikoo #Shorts,9Ms_JvhLg7M,2022-01-21T06:30:02Z,8330,110426,51
"Ask Me Anything! | YouTube LIVE with Ankur Warikoo | Personal Finance, Career and Life!",Oz1ows6IGHE,2022-01-20T17:01:47Z,4603,98408,391
Should you Quit your Job and Follow your Passion? | Ankur Warikoo #Shorts,0xha5eKBCFk,2022-01-20T06:30:00Z,14337,134952,238
START READING NOW! - 3 Ways | Ankur Warikoo #shorts,zcqyTA7VdnU,2022-01-19T09:35:38Z,12736,127171,104
My relationship with MONEY | Personal Finance | Ankur Warikoo,yARe0aFIJBE,2022-01-18T16:00:26Z,14401,201085,1977
3 Challenges for YOU in 2022! | Ankur Warikoo #Shorts,HodVpya__aA,2022-01-18T06:30:01Z,34336,287308,226
3 tips for CONSTANT Career Growth! | Ankur Warikoo #Shorts,OjFOKFAe0aU,2022-01-17T06:30:07Z,14793,171626,72
Why do Good People Date the Wrong People? | Ankur Warikoo #Shorts,6T1utCLMHdE,2022-01-16T06:30:01Z,20832,296387,214
How to Invest a Lumpsum amount in 2022? | Ankur Warikoo Hindi,1VbNCaMS-Lw,2022-01-15T16:00:01Z,18112,565016,1339
"It's Natural, It's OKAY! | Ankur Warikoo #Shorts",1BtrsVZ-Prw,2022-01-15T06:30:01Z,12425,168746,240
You HAVE to make Sacrifices | Ankur Warikoo #Shorts,zLK2Ceo1U5w,2022-01-14T06:30:09Z,17707,221940,126
How I Create Content on YouTube! | Content Creation Process in 2022 | Ankur Warikoo Hindi,TEjuD0UugnA,2022-01-13T16:00:11Z,10982,240619,1163
The MOST IMPORTANT 30 Minutes of your Day | Ankur Warikoo #Shorts,0JJPau8hXdY,2022-01-13T06:30:00Z,27515,287480,144
3 things you should NEVER apologise for! | Ankur Warikoo #Shorts,Ltrg7FfJMVA,2022-01-12T06:30:03Z,13647,171730,110
Psychology of Money Book Review | Ankur Warikoo Hindi,DpyMvwF4OSE,2022-01-11T16:00:04Z,37982,717579,1931
3 BIG signs of Toxic People | Ankur Warikoo #Shorts,z7UrYCPbyeE,2022-01-11T06:30:09Z,21363,316683,383
3 ways to build confidence | Ankur Warikoo #Shorts,80A9_lBlczY,2022-01-10T06:35:50Z,21567,219173,170
3 Things I HATE! | Ankur Warikoo #Shorts,0grcsrwFSb4,2022-01-09T06:30:00Z,24137,460965,350
My Investing Strategy for 2022! | Ankur Warikoo Hindi,jeu_AZqV8Sg,2022-01-08T16:00:22Z,15873,356698,2105
I was JOBLESS with NO money at 29! | Ankur Warikoo #Shorts,UHXiBN8T5-s,2022-01-08T06:30:11Z,27789,328027,464
3 IMPORTANT Lessons I learnt in 2021 | Ankur Warikoo #Shorts,mOCVhBH8NAc,2022-01-07T08:39:36Z,16250,203412,139
Planning Your Career in 2022 | Job Planning Framework | Ankur Warikoo,Hx2I7m1XEWk,2022-01-06T16:00:07Z,15309,274463,680
Life is ALL about 2 choices! | Ankur Warikoo #Shorts,RZpBQsqvcxI,2022-01-06T06:30:04Z,18111,174168,93
3 ALARMING relationship mistakes | Ankur Warikoo #Shorts,qhnQTeDj-fc,2022-01-05T06:30:18Z,50755,842632,379
Yeh Buy-Now-Pay-Later Kya Hai? W/ Nitin Gupta | Ankur Warikoo,9vUuxP4QzGM,2022-01-04T17:00:56Z,3766,96737,300
The 3 BIGGEST Lies we hear | Ankur Warikoo #Shorts,GWezJShidFg,2022-01-04T06:30:03Z,25801,297704,267
3 HACKS to Grow YOUR Knowledge | Ankur Warikoo #Shorts,g8gWq41iC_k,2022-01-03T06:30:15Z,37532,420857,184
An IMPORTANT Life Lesson I learnt from my Father | Ankur Warikoo #Shorts,IsME8oZMKm8,2022-01-02T06:30:04Z,28116,372277,188
How to Invest in your 20s - UPDATED! | Investing in 2022 | Ankur Warikoo Hindi,Zj3ZArkn1sI,2022-01-01T16:00:25Z,40479,703110,2831
MY DAUGHTER AND COLOURS! | Ankur Warikoo #Shorts,QUxjCFkpqls,2022-01-01T06:30:08Z,157717,2962117,705
Biggest Mistakes Parents Make | Ankur Warikoo #Shorts,KHHiqTesRHI,2021-12-31T06:45:46Z,13805,188239,171
Mistakes I made in my Relationships | Ankur Warikoo Hindi,hPk2F0cDmUI,2021-12-30T16:00:30Z,16151,245241,1187
3 AWESOME Hacks to get people to like you! | Ankur Warikoo #Shorts,ntooBTVX9oE,2021-12-30T06:30:15Z,38348,496497,279
3 IMPORTANT Skills for your 20s | Ankur Warikoo #Shorts,6nZjZyaR7rI,2021-12-29T06:30:02Z,31384,283825,161
5 IMPORTANT Life Decisions you SHOULD take on an Excel Sheet | Ankur Warikoo Hindi,EE8iTK9_xa8,2021-12-28T16:00:10Z,19394,384241,1402
3 things you NEED to hear in your 20s | Ankur Warikoo #Shorts,4e9R6-Aiv_E,2021-12-28T06:30:00Z,28769,249263,126
My top 3 Under-rated Productivity Hacks! | Ankur Warikoo #Shorts,fXc84lgTfCQ,2021-12-27T07:13:26Z,39679,446620,206
BIGGEST Mistake of my Career | Ankur Warikoo #Shorts,dItsG9bPfPU,2021-12-26T06:30:05Z,17012,209025,71
How much Money did I make in 2021?,AKsGnju472s,2021-12-25T16:00:04Z,38421,535590,3391
3 Books You CAN'T Miss | Ankur Warikoo #Shorts,GwZ-sJ7343E,2021-12-25T06:30:01Z,65826,645719,548
3 Money Mistakes I Made in my 20s | Ankur Warikoo #Shorts,UN50JRmBihQ,2021-12-24T06:30:03Z,21920,336532,200
7 TOP Careers for Success in your 20s | Job Tips 2022 | Ankur Warikoo Hindi,PgdL-N3rx24,2021-12-23T16:00:19Z,36333,747096,1559
My Son's Future Plans | Ankur Warikoo #Shorts,buPfCfm7nIY,2021-12-23T06:30:04Z,22062,293623,232
My FIRST Day at the Gym | Ankur Warikoo #Shorts,5_bQ7xQn6qI,2021-12-22T06:30:00Z,23922,257276,162
17 Books to Read in 2022 | My Top Reads of 2021 | Ankur Warikoo Hindi,pJYFetCibXI,2021-12-21T16:00:32Z,16548,313102,16699
Waited for 3 months AND... | Ankur Warikoo #Shorts,ksAwpGVjQOo,2021-12-21T06:30:12Z,43333,552312,228
Want to get your DREAM JOB? | Ankur Warikoo #Shorts,JC2E9JIUcaU,2021-12-20T06:30:02Z,28455,406450,121
5 books EVERYONE SHOULD Read | Ankur Warikoo #Shorts,rPvhp2ewlPw,2021-12-19T06:30:15Z,42151,502933,194
15 Gift Ideas for your Parents | Winter/Christmas Gifts 2021 | Ankur Warikoo Hindi,YiSCTs3KiDs,2021-12-18T16:00:14Z,5714,117993,3712
I stole Rs. 400 | Ankur Warikoo #Shorts,B27Fmxy9VJA,2021-12-18T06:30:02Z,50146,745173,493
3 Apps I use for Investing | Ankur Warikoo #Shorts,NqWJXk700FA,2021-12-17T06:30:04Z,6414,108750,124
16 Best Investments I made in 2021 | My Investing Strategy | Ankur Warikoo Hindi,i7QcRcXap0E,2021-12-16T16:00:31Z,11739,238973,1030
The Only Loan you should ever take! | Ankur Warikoo #Shorts,uGFxahskGew,2021-12-16T06:30:06Z,13226,333426,440
FOMO is NOT an Investing Strategy | Ankur Warikoo #Shorts,borvMxXZVMM,2021-12-15T06:30:11Z,9371,156640,81
Investing Your Money in 2022 | Investment Tips for Beginners | Ankur Warikoo x @Akshat Shrivastava,3TchUWKmW_M,2021-12-14T16:00:02Z,28283,934193,3815
3 ways to get rich before you turn 30 | Ankur Warikoo #Shorts,tgeNZq-E-BE,2021-12-14T06:30:08Z,37964,622192,404
3 Signs You Have Money | Ankur Warikoo #Shorts,K4qR7Pevvtg,2021-12-13T06:30:02Z,23845,492908,529
You’re not rich if you own luxurious things | Ankur Warikoo #Shorts,jUDdsNjCqq8,2021-12-12T06:30:06Z,14248,207627,156
NFTs explained in 10 minutes | Non Fungible Tokens | Ankur Warikoo Hindi,as7acW3B2jA,2021-12-11T16:00:03Z,61253,1211776,3234
Why I hate Fixed Deposits! | Ankur Warikoo #Shorts,0YWF2GImikA,2021-12-11T06:30:00Z,13434,208891,171
I scored 57 in English! | Ankur Warikoo #shorts,iPo9CzEDOlE,2021-12-10T06:30:45Z,11844,169650,185
Investing - DON'T Make These Mistakes | Ankur Warikoo,OCpNDWZV1Ag,2021-12-09T16:00:10Z,10672,242875,746
7 Apps I use for my Investments! | Ankur Warikoo #Shorts,VhZ-evbKcqg,2021-12-08T16:00:12Z,60181,984451,1109
How I got 100% scholarship to study abroad | Ankur Warikoo Hindi Video,SRsuLBzUryI,2021-12-07T16:00:10Z,12107,205989,676
What are Index Mutual Funds? | Ankur Warikoo,v693MDRV1HI,2021-12-04T16:00:21Z,11836,292182,1201
What are ETFs? | Ankur Warikoo | #GiveawayAlert,9w2pBVcxXnI,2021-12-02T16:00:13Z,5300,122876,679
I reached 1Mn subscribers in just 18 months? | Ankur Warikoo Hindi | YouTuber Journey,W5kGrX2lI-s,2021-11-30T16:00:28Z,4089,70186,859
Is an Online MBA worth it? | Ankur Warikoo,PeqgHcl5LMo,2021-11-27T16:00:17Z,11989,279168,1331
Stock and Crypto crash - How to handle,oYW8df0Rlpw,2021-11-25T17:06:28Z,5250,126841,450
My Failure Resume | Ankur Warikoo,vAz57tCa848,2021-11-23T16:00:24Z,22952,419647,2160
15 Online Courses for a BETTER CAREER! | Jobs in 2021-22 | Ankur Warikoo,h-q6mpjCyFw,2021-11-20T16:00:18Z,12065,221943,526
Top 10 BEST Gifts for Teenagers! | Ankur Warikoo,N1BPn_Ir66U,2021-11-18T16:00:18Z,8232,203135,3311
Traditional Banks vs Neo Banks | Digital Banks EXPLAINED IN HINDI | Ankur Warikoo,TKc1nUDWaSk,2021-11-16T16:00:21Z,5689,146020,892
Where and how much to invest according to your age? | Ankur Warikoo,qndFAkCvh6I,2021-11-13T16:00:17Z,16321,402911,1956
I am gifting stocks - see how! | Ankur Warikoo,-mkX7z4A32k,2021-11-11T16:00:01Z,3051,74077,453
My weekly schedule| Ankur Warikoo,DfWVGMPcUPA,2021-11-09T16:00:09Z,10013,205866,942
30 ki AGE ke pehle RETIRE karna CHAHTE HAIN? Ye DEKHO!,1gWwlIgua2g,2021-11-06T16:00:01Z,68094,1925664,5847
DON’T make these mistakes in your 20s | Ankur Warikoo,K_QEvEAs1xo,2021-11-04T16:00:22Z,32027,461838,2730
My life's BEST Financial Decisions | Ankur Warikoo,soMHbU3Uqjk,2021-11-02T16:00:34Z,14364,352506,1105
True cost of Smallcase Investing EXPOSED | Ankur Warikoo,RwKEqGOpqQs,2021-10-30T16:00:27Z,14052,358199,1339
10 Questions to ask before buying Health Insurance | Ankur Warikoo,lqsOsPcGdAs,2021-10-28T16:00:33Z,6002,154925,600
1 Million Special! | YouTube LIVE with Ankur Warikoo,-TsGycxsBy0,2021-10-26T17:06:19Z,6013,87369,404
CREDIT CARDS se PAISE AISE KAMATE HAIN! | Ankur Warikoo,dbBbaQqIOu0,2021-10-23T16:00:20Z,51232,3227269,4492
When to sell a stock or share | Ankur Warikoo,jGf-qfDvH5k,2021-10-21T16:00:32Z,8203,164889,501
I INVESTED IN A FIXED DEPOSIT!,4dZPzbdScy8,2021-10-19T16:00:05Z,9246,234817,1186
When is it okay to give up?,KvAbYzde7hs,2021-10-16T16:00:10Z,8800,133957,949
What is EPNS? | New and emerging careers in Technology,tCSR6XcvzGc,2021-10-14T16:00:28Z,11557,218032,505
Top 30 Soft Skills for a Better Career in 2021!,0gUgm4zB2F4,2021-10-12T16:00:01Z,16478,281778,1001
Introduction to Microsoft Excel - Excel Basics Tutorial,fcbB0nkDik8,2021-10-09T16:00:19Z,24556,551859,1234
EPF or PPF - Which one should you invest in?,RuZU5RNpxTY,2021-10-07T16:00:12Z,15048,450755,1002
"Why I invest in US Stocks - And you should, too!",JRDIqW6UyK4,2021-10-05T16:00:10Z,11256,291639,2479
I was lost at 24...,bGgGp72D_OI,2021-10-02T16:00:13Z,58644,805780,4922
Ask Me Anything! | YouTube LIVE with Ankur Warikoo,S2c56qTcNio,2021-09-30T17:11:34Z,3765,78266,221
Health Insurance Claims - REFORMED!,vL_V_Ej4J50,2021-09-28T16:00:36Z,6543,139751,927
What is Invoice Discounting?,3pZaYlnHl_0,2021-09-25T16:00:01Z,4913,141762,406
Real-life lessons I learnt from Stock Investing,W1CvDxaizCU,2021-09-23T16:00:14Z,5068,96445,328
The advice that changed my life!,ggVrFEzCfZI,2021-09-21T16:00:21Z,23836,358966,1252
Making money as a college student | Ankur Warikoo HIndi Video | How to make money Online in 2021,I1lqmk6K6eA,2021-09-18T16:00:17Z,39880,750268,913
How does compounding work | Ankur Warikoo Hindi Video | Power of compounding,cosjtcWyWlI,2021-09-16T16:00:31Z,37121,653882,2280
Top Skills to learn before your 30s | Ankur Warikoo Hindi Video | Online Courses- My recommendations,SoyNG31EAUw,2021-09-14T16:00:27Z,41116,639181,1114
Building an Emergency Fund | Ankur Warikoo Hindi Video | Financial Planning for Beginners,g-hir-4WzfU,2021-09-11T16:00:15Z,45134,1119917,3039
Invest in Stocks with NO RESEARCH! | Ankur Warikoo Hindi | Idea Investing | Safely invest in stocks,wXHJS4guEK4,2021-09-09T16:00:29Z,9311,228790,925
DID YOU KNOW OF THESE INSURANCE PRODUCTS? | Ankur Warikoo Hindi Video,DABiow1yw7c,2021-09-07T16:00:06Z,3310,87624,292
REVEALING MY NET WORTH! | Ankur Warikoo Hindi Video | How to calculate your net worth,PszPKozElCc,2021-09-04T16:24:44Z,22567,570647,2810
Future of Crypto in India | Cryptocurrency Investing x Nischal Shetty - Ep 6 | Ankur Warikoo,NyiOx4ZsGns,2021-09-02T16:00:23Z,3897,110850,1301
5 Ways I mastered speaking in English | Speaking English Fluently | Ankur Warikoo Hindi,RtN96mI6wt0,2021-08-31T16:00:11Z,48162,974920,1134
My FAVOURITE purchases under INR 1000! | Ankur Warikoo Hindi | Cheap everyday products,R7dmubi5GXA,2021-08-28T16:00:09Z,10242,245855,6211
US Stock Investing - Things to keep in mind | Ankur Warikoo Hindi Video | Stocks to buy 2021,xvYCUkfp11U,2021-08-26T16:00:32Z,4605,115860,835
"Auto Insurance - WHY, HOW and WHEN? | Ankur Warikoo | Buying or Renewing Vehicle Insurance in India",AuEfteEGvWo,2021-08-24T16:00:05Z,7107,316353,514
LONG TERM INVESTING ke LIYE STOCKS PICK KARIYE! | Investment Strategy for Beginners | Ankur Warikoo,krwSDbuHWd4,2021-08-21T16:00:33Z,73620,1620379,6423
Safely storing Crypto in 2021 | Cryptocurrency Investing x Nischal Shetty- Ep 5 | Ankur Warikoo,AJzjBVbT1V0,2021-08-19T16:00:05Z,1956,54276,360
My Favourite Money Apps? | Ankur Warikoo HIndi Video,XDK1J795kV4,2021-08-17T16:00:13Z,14236,329879,4993
My Stock Investing Strategies | YouTube LIVE with Ankur Warikoo,-4v5IxpfEfk,2021-08-14T17:07:01Z,11446,324777,1072
Health insurance for yourself | Ankur Warikoo Hindi Video- Choosing the best Health Insurance Policy,sYuzikmYLMo,2021-08-12T16:00:36Z,7186,205543,648
12 online courses that can make you RICH! | Passive Income Hindi Tips 2021 | Ankur Warikoo,CTRqoPfVcbU,2021-08-10T16:00:12Z,13282,220483,4974
SIP KYA HAI? SIP vs LUMPSUM EXPLAINED! | Ankur Warikoo Hindi,1DRq8N7SpYc,2021-08-07T16:00:03Z,55620,1862654,3398
10 gifts I bought for my parents | Ankur Warikoo Hindi Video | Gift ideas for parents,8LxQ8H2A_fU,2021-08-05T16:00:10Z,11136,218125,11667
How to invest in crypto | Cryptocurrency Investing x Nischal Shetty- Ep 4 | Ankur Warikoo Hindi,S_ApIO17UA0,2021-08-03T16:00:30Z,3199,96782,371
What are dividends? | Ankur Warikoo Hindi video| Dividend Stocks and Investing | Stock market basics,PbbAGhPjSPI,2021-07-31T16:00:17Z,19155,425502,1617
My favourite mobile apps | Ankur Warikoo | Must-have apps in 2021,RuxvEZSYaTE,2021-07-29T16:00:11Z,9008,200756,12142
NEVER buy the same Health Insurance as your parents - Here's why! | Ankur Warikoo Hindi Video,Z-en4wmKMtc,2021-07-27T16:00:30Z,8811,236162,498
Futures and Options Explained | Ankur Warikoo Hindi Video | Futures trading,d1_3tGM-Na0,2021-07-24T16:00:32Z,18328,416105,1733
"From IIT Engineer to YouTube Creator | Ankur Warikoo ft. Vikrant Kirar, @Crash Up | Content Creation",6LY2nk1ASJc,2021-07-22T16:00:02Z,4922,97931,614
How to buy and sell Cryptocurrency | Cryptocurrency Investing x Nischal Shetty- Ep 3 | Ankur Warikoo,1j8X26aka-I,2021-07-21T16:00:03Z,3408,115047,412
LOANS JALDI REPAY KARIYE! | Pay Off Debt Faster! | Ankur Warikoo Hindi Video,yydb_gBpEA0,2021-07-17T16:00:46Z,91705,2996010,14662
IPO Investing Strategy 2021 | How to invest in IPOs on your broker account? | Ankur Warikoo Hindi,ZKklM6elTxU,2021-07-14T16:00:30Z,10772,294540,653
Understanding Life Insurance | Ankur Warikoo Hindi Video | Choosing the best life insurance policy,IRxTCory62Y,2021-07-13T16:00:09Z,12388,347111,674
Making money in all time high markets! | Bull market Investing tips for Beginners | Ankur Warikoo,a88QCJyYmqI,2021-07-10T16:00:00Z,8641,186025,683
My fitness journey - Ankur Warikoo | How getting 6 pack abs saved my life | Fitness motivation Hindi,Y2ZXRYeNf6E,2021-07-08T16:00:30Z,29888,523203,1507
Why SO MANY Crypto coins? | Cryptocurrency Investing x Nischal Shetty - Ep 2 | Ankur Warikoo,XkL37kTun1M,2021-07-06T16:00:13Z,4009,104548,359
Making Money in your 20s - AMA with Ankur Warikoo | YouTube Live Session,NmvQDAdqjko,2021-07-04T15:45:44Z,7941,149687,356
Financial Goal Setting - How to plan your journey | Ankur Warikoo Hindi Video | WITH CALCULATOR,SzgwRuKvC0c,2021-07-01T16:00:23Z,36465,985939,1797
How an MBA changed my life | Ankur Warikoo Hindi Video | Should you get an MBA?,9gux3gVEuhw,2021-06-29T16:00:04Z,6170,105680,707
Best Books on Money | Ankur Warikoo Hindi Video | Quotes on money | Book Recommendations,GCXbjwg7gqY,2021-06-26T16:00:06Z,6931,119551,6578
Top Creators I learn from | Ankur Warikoo Hindi Video | Online learning,zQ7EIbpm_d0,2021-06-24T16:00:35Z,8211,128294,3052
Basics of Insurance | Ankur Warikoo | The Complete Guide to Buying Insurance - Part 1,kiw-Y11ANWg,2021-06-22T16:00:31Z,7076,212997,712
Why was Bitcoin invented? | Cryptocurrency Investing with Nischal Shetty - Episode 1 | Ankur Warikoo,isx07mGFYW8,2021-06-19T16:00:12Z,7228,160179,1077
My email productivity hacks | Ankur Warikoo | How to be more productive at work,QS8wrTYE4bw,2021-06-17T16:00:22Z,4236,92339,326
Top Income Tax Saving Tips for 2021 | Tax Planning Guide for a Salaried Professional | Ankur Warikoo,DpFXj2evzPY,2021-06-15T16:00:08Z,25095,686439,1648
Top 5 Stock Investing Strategies | When to Buy or Sell? | Stock investing for beginners | Warikoo,rzsvagvZbS0,2021-06-12T16:00:21Z,9930,201225,1152
"Earn 30LPA as a Software Engineer | Ankur Warikoo x Anshuman Singh, Scaler Academy",bKgidJWVT2g,2021-06-10T16:00:15Z,4348,139721,1004
Credit/CIBIL Score explained in Hindi | Applying for a loan? | Ankur Warikoo,YSihe9BEV5Q,2021-06-08T16:00:26Z,5572,136736,440
My Smallcase Investing Strategy in 2021 | Investing for Beginners | Ankur Warikoo Hindi Video,vMLh16fw_Dk,2021-06-05T16:00:27Z,16830,459956,2039
How to raise funds for your startup | Ankur Warikoo | Startup funding in Hindi,2b-H6HWRtBo,2021-06-03T16:00:01Z,6116,112985,1291
How to make money in your 20s | Passive Income Ideas for 2021 | Ankur Warikoo Hindi Video,6AFKmwumdl0,2021-06-01T16:00:03Z,23203,332503,1443
20 Online courses you must check TODAY! | Top Skills for 2021 | Ankur Warikoo Hindi Video,BdO1sPdfxSQ,2021-05-29T16:00:05Z,43977,757757,2245
20 Foreign Tech Stocks to buy in 2021! | Ankur Warikoo Hindi | Stock Market Investing for beginners,xcgzPjH9Vh8,2021-05-27T16:00:38Z,8676,189139,4361
Should you buy US Stocks? | Investing Strategies 2021 | Ankur Warikoo Hindi,FyB5inp5r6M,2021-05-25T16:00:16Z,25451,531272,3845
"PAISA kaise BUDGET, SAVE aur EARN Karein? | Ankur Warikoo | Money Management Tips | 50-30-20 Rule",5uaXq-xDp2g,2021-05-22T16:00:03Z,60534,1532262,5211
How to plan your career | Success Mantra | Ankur Warikoo Hindi Video,8ZRypDjPN8U,2021-05-20T16:00:03Z,11708,176651,1353
20 Books to read in your 20s | Ankur Warikoo Book Recommendations 2021 | Must read books for all,s6fye8WwN_4,2021-05-18T16:00:14Z,48065,853037,19566
Complete Zerodha Kite Tutorial - stock investing| Ankur Warikoo Hindi,HyOdHAFqsfU,2021-05-15T16:00:06Z,46711,1372687,2736
Startup terms you need to know in 2021 | Ankur Warikoo | Startups in Hindi | VC Lingo,Uwk86DUPywI,2021-05-13T16:00:11Z,6981,113803,564
How to listen to Audiobooks? - 3 Steps  | Ankur Warikoo | A beginner's guide,ALxyE0dxcy0,2021-05-11T16:00:03Z,9551,208948,578
Should you Invest in Gold? | Investment Strategy 2021 for Beginners | Ankur Warikoo Hindi,WDypUuRJdJs,2021-05-08T16:06:17Z,15866,382999,2021
Truths behind becoming a SUCCESSFUL Entrepreneur | Owning your Startup in India | Ankur Warikoo,kkNS_1I64c4,2021-05-06T16:00:31Z,5951,95709,536
What is Smallcase? | Ankur Warikoo | How to invest in smallcase | Step-by-step tutorial 2021,E0kTiBHkabQ,2021-05-04T16:00:08Z,37890,967858,2695
CREDIT CARDS use karne ka BEST TAREEKA! | Passive Income Tips | Ankur Warikoo Hindi Video,QxGShmS5hcc,2021-05-01T16:00:14Z,63556,1750168,4579
My MBA Experience | Ankur Warikoo | Should you go for an MBA? | Planning your career,xY8Fs7z7O0o,2021-04-29T16:00:22Z,7392,142122,482
How to Invest in Mutual Funds? | Investing Strategy for Beginners in 2021 | Ankur Warikoo Hindi,ACpQo1a_RBk,2021-04-27T16:00:03Z,34317,941770,2549
All that you SHOULD be doing in the current COVID situation | Ankur Warikoo Hindi | Home remedies!,Xe73QsB-kb4,2021-04-24T07:30:06Z,3792,48161,312
Cryptocurrency and Bitcoin for Beginners | Ankur Warikoo ft. Coinswitch CEO | Best Cryptocurrency?,WacS0fiUnUs,2021-04-22T16:00:14Z,9317,273331,3163
10 Productivity tips and tricks that work | Ankur Warikoo Hindi Video | How to be more productive,U0gvKt7TKic,2021-04-20T16:00:12Z,34360,703858,1990
Best Personal Finance strategies for 2021 | How to manage your money | Ankur Warikoo Hindi,nbrkmJTuGoY,2021-04-17T16:00:18Z,9712,217708,1630
Harsh Truths about Relationships | Ankur Warikoo Hindi Video | All about relationships,jbgvt-IZlW0,2021-04-15T16:00:30Z,11148,177130,713
How to become a better Reader! | How do I read my books? | Ankur Warikoo Book Recommendations,AqrPcMYzmcc,2021-04-13T16:00:04Z,16702,293319,5093
How to Invest in your 30s? | Stock Market Basics For Beginners in 2021 | Ankur Warikoo,tN3ZtnswCWI,2021-04-10T16:00:20Z,6145,129561,1282
Unboxing my YouTube silver play button! #shorts | Ankur Warikoo,c7b_y9aY4d0,2021-04-10T11:51:50Z,4765,102809,353
Is an MBA important to start a business? | Management for entrepreneurs | Ankur Warikoo Hindi Video,nuE623i5HAc,2021-04-08T16:00:18Z,4560,74113,372
My content creation strategy | How I make 60 posts in 1 week! | Ankur Warikoo Hindi,wMGd43HkVJg,2021-04-06T16:00:21Z,6808,123160,709
Earn more than Fixed Deposits | What are Corporate Bonds? | How to Invest in 2021 | Ankur Warikoo,6EAlnT5Eea8,2021-04-03T16:00:02Z,14846,377586,2095
My Investing Strategy for 2021 | Make money for Retirement! | Basics of Stock Market,Luj3L8x4uwo,2021-04-01T16:00:16Z,17571,382549,3446
5 books that are for EVERYONE | Book Recommendations 2021 in Hindi | Ankur Warikoo Hindi,UOm8fJAdMig,2021-03-27T16:00:20Z,22711,520523,10012
Is post-graduation needed to be successful? | Ankur Warikoo Hindi Video | Should you go for an MBA?,i6rigYunmdg,2021-03-25T16:00:24Z,4899,143636,661
Choosing a career | Advice for every 20 year old | #LearningMarathon2021,SdpSt86Ff-g,2021-03-24T14:00:00Z,4443,75907,261
BEST Money Management tips for 2021 | Budget and track your money | Ankur Warikoo HIndi,uYNfT6B2Hqg,2021-03-23T16:00:31Z,11771,320838,1092
10 success Habits that WILL change your LIFE! | Ankur Warikoo Hindi Video | Must Watch for All,oQ5GdQyxRE4,2021-03-20T16:00:34Z,22457,381553,4363
Truths about Startup funding - everything you need to know | Ankur Warikoo Hindi Video,6a3qJ-qJCIE,2021-03-18T16:00:01Z,4810,94051,421
Stock Analysis For beginners | Share Market Investing explained! | Ankur Warikoo Hindi Video,nmjbzn1eKuM,2021-03-16T16:00:17Z,17806,390418,957
Make money on YouTube in 2021 | Passive Income Ideas | Ankur Warikoo Hindi,tNH9DrOmtUI,2021-03-13T16:00:30Z,4072,67730,419
How to deal with toxic people at work | Ankur Warikoo Hindi Video | Surviving office politics,p4YBeXhkmyI,2021-03-11T16:00:12Z,3514,63280,340
Brokerage and Tax on Stocks | Investing for Beginners | Ankur Warikoo,W0_pFrZc8MI,2021-03-09T16:00:09Z,6160,116833,686
How to earn by teaching online | Ankur Warikoo Hindi Video | Make money online,ciWN54s9nmQ,2021-03-06T16:00:18Z,5220,116616,463
Time management tips for students and working professionals! | Ankur Warikoo Hindi Video,op_jwGT6Bvc,2021-03-04T16:00:16Z,42966,774400,5112
Mutual Funds for Beginners 2021 | How to Invest in Mutual Funds? | Ankur Warikoo,4CbX0WsHIKk,2021-03-02T16:00:01Z,7732,157294,779
One of the MOST important things for a Startup Founder | Ankur Warikoo | Startups in Hindi,m_557UrDLRY,2021-02-27T16:00:20Z,4922,77902,434
5 reasons to do an MBA in 2021 | Answering your questions | Ankur Warikoo Hindi,39k7n0UZBHs,2021-02-25T16:00:01Z,21560,430594,1430
THESE Mistakes cost me Money! | Money Management tips 2021 | Ankur Warikoo Hindi,EQt-ePFZRPo,2021-02-23T16:00:03Z,22363,427851,1413
What are the startup ideas of the future | Covid Proof Businesses | Startup ideas for 2021,3p8G1SrW6Hk,2021-02-20T16:00:04Z,18023,580798,2661
How to earn money online in 2021? Top 10 Passive Income tips for students | Ankur Warikoo Hindi,dY8Rlm0K8Eo,2021-02-18T16:00:25Z,32176,743674,1634
5 ways to make money while you sleep | Advice for every 20 year old | Ankur Warikoo Hindi,sn5yeZrll5g,2021-02-16T16:00:14Z,38121,793519,1537
3 unusual books for Leaders | Ankur Warikoo Hindi video |  Book Recommendations,QEK8CgKpfAI,2021-02-13T16:00:06Z,6877,122970,3016
3 tips to get an Internship in 2021 | Ankur Warikoo Hindi Video | Off-Campus Internships Strategy,fkg6-CVyQ3Y,2021-02-11T16:00:25Z,17103,274097,498
Basics of Stock Market | Investing vs Trading  | Investment strategy 2021 | Ankur Warikoo Hindi,jwsr3kXru7g,2021-02-09T16:00:12Z,19769,372143,1789
Getting a job at your dream startup! | Ankur Warikoo Hindi Video | 5 MUST KNOW Tips,1Cxj4uqNlg8,2021-02-06T16:00:00Z,3030,57928,474
Resume Tips for Jobs and Internships | Career Advice Hindi Video | Ankur Warikoo,dQ7Q8ZdnuN0,2021-02-04T16:00:30Z,22246,539352,2110
Should You BUY a new car? | Leasing or Renting a Car | COMPARE COSTS! | Ankur Warikoo Hindi,JIRNNUANSYY,2021-02-02T16:00:18Z,27020,767694,2837
Raising funds in a startup EXPLAINED | Ankur Warikoo Startups | Business Hindi video,93LLYkn8wls,2021-01-30T16:00:02Z,13779,327046,1186
Online Degrees in India in 2021 | Ankur Warikoo Hindi Video | Internet courses explained!,x9Yk06_l3S8,2021-01-28T16:00:13Z,4957,100514,368
What is the reality of Bitcoin? | Best Cryptocurrency? | Investing for Beginners | Ankur Warikoo,e0frvHLHMGI,2021-01-26T16:00:24Z,12748,310653,4622
Billion dollar startups in India | My favourite Indian Startups in Hindi | Ankur Warikoo,US4aKF1BseA,2021-01-23T16:00:16Z,5584,130040,2685
What job is right for you? | Find work you love | Ankur Warikoo Hindi video,feXm7H2ILuI,2021-01-21T16:00:14Z,4656,61175,426
AAPKE 20s ke liye COMPLETE FINANCIAL PLANNING! | Investing for Beginners 2021 | Ankur Warikoo Hindi,yNaN5kYTNLY,2021-01-19T16:00:13Z,136059,2951361,13741
5 tips to crack Job Interviews | Ankur Warikoo Hindi Video | Online Interview tips 2021,jzCSvpX19wQ,2021-01-16T16:00:29Z,4508,87349,214
Why being Laid off from Work or Studying can be a bliss | Ultimate Career Advice | Ankur Warikoo,dqAe0x4pRTg,2021-01-14T16:00:10Z,2792,42166,490
What is the difference between CTC and Net Salary and Gross Salary? | Ankur Warikoo Hindi Video,7F7VGCfsasE,2021-01-12T16:00:05Z,27779,584718,1276
ESOP - Employee Stock Option Plan EXPLAINED in Hindi | Ankur Warikoo Startups | Startup Video,XKhizGVv80s,2021-01-09T16:00:20Z,9884,276572,914
Best books I've read | Book Recommendation in Hindi | Ankur Warikoo books,eqxx2lwgarc,2021-01-07T16:00:09Z,26161,511145,1685
How to Buy and Choose a Life Insurance? | Insurance explained in Hindi | Ankur Warikoo,I3YGFeyxr98,2021-01-05T16:00:04Z,11335,312370,1073
Ghar BUY ya RENT karein? | Financial Advice for every 20 year old | Ankur Warikoo Hindi,cpw4Cg3Gpx8,2021-01-02T16:00:08Z,56987,1262469,7279
Setting Smart Goals and building Good Habits! | Ankur Warikoo Hindi | New Year Resolution 2021,DQdJ0vXPrGQ,2020-12-29T16:00:04Z,2349,33718,1585
Startup or Corporate? | Which one is right for you? | Ankur Warikoo Startups | Hindi,9AoAJNENV7Y,2020-12-26T16:00:05Z,10039,188387,643
Stock Market for Beginners | Investing Strategies 2021 | Ankur Warikoo Hindi,hIYSxqrraWA,2020-12-22T16:00:24Z,31599,599388,2099
How to test your startup idea? | Business Ideas for 2021 | Ankur Warikoo Hindi,PLbgVSd-Nxc,2020-12-19T16:00:13Z,19069,323262,1383
Difference between good company and bad company | Choosing the right friends | Ankur Warikoo,0ayzJbMnBHI,2020-12-17T16:00:02Z,5570,81561,420
THE BIGGEST Investing mistake you must avoid | Why people LOSE money! | Ankur Warikoo Hindi,HWo6aisQ_6w,2020-12-15T16:00:06Z,5150,93079,488
How to start a successful Business | Covid Proof Businesses | Ankur Warikoo Hindi | Startup ideas!,QNXTu53lLZA,2020-12-12T16:00:18Z,6216,118804,393
The art of asking | Ankur Warikoo हिन्दी वीडियो | Professional growth,JCqZTE7E9tY,2020-12-10T16:00:04Z,1648,22180,126
Stock Market for Beginners | Investing in the Share Market | Ankur Warikoo Hindi,POdzdc-WNOY,2020-12-08T16:00:06Z,5080,107712,374
Top 5 learnings from Rework by Jason Fried | Rework Summary in Hindi | Ankur Warikoo Books,5A4lXiG8FJw,2020-12-05T16:00:01Z,11882,226515,594
If You Feel You Are Letting your Parents Down - WATCH THIS | Ankur Warikoo Hindi videos,CBu2tcz30Bg,2020-12-03T16:00:06Z,1906,19560,122
My Investing strategy | How do millionaires invest? | Ankur Warikoo Hindi,0t_VoN_xYGY,2020-12-01T16:00:01Z,27376,586884,2839
Becoming a SUCCESSFUL Entrepreneur | How to start-up your business 2021 | Ankur Warikoo,jfeYsRZkTi8,2020-11-28T16:00:09Z,4243,64248,351
How to convince your parents | 3 आसान tips | Ankur Warikoo Hindi videos,mvC82s4BtGc,2020-11-26T16:00:12Z,2020,26408,122
TAX on Stock Market and Investing  | Stock Market for Beginners | Basics of Stock Market,38xmizlXP24,2020-11-24T16:00:01Z,4146,80162,318
First Job tips for Beginners | Ankur Warikoo | Jobs advice in Hindi,QPnPqNPHUEI,2020-11-21T16:00:05Z,11985,195836,309
How to let go | Dealing with guilt | Ankur Warikoo hindi videos,uNpGIRYUiEI,2020-11-19T16:00:11Z,1955,29694,112
Should you take an education loan? | Education Loans in India 2021 | Ankur Warikoo Hindi Video,X4HcuMtu5zc,2020-11-17T16:00:13Z,18756,330390,807
How to get promoted at work | Asking for a promotion in your job | Ankur Warikoo Hindi,3pOnh2XPbO4,2020-11-15T16:00:00Z,891,28202,53
How to handle pressure | train yourself | Ankur Warikoo,o15RXYf8Oiw,2020-11-12T16:00:09Z,804,15857,19
Jack of all trades master of none | Specialist or generalist? | Ankur Warikoo,UZYeoQbkh-Y,2020-11-10T16:00:04Z,2850,43135,143
Feeling stuck and want to jump start your career? | how to stay motivated | Ankur Warikoo,v9cS4F9BmwM,2020-11-07T07:15:01Z,455,9041,25
Tier 2 college now or tier 1 college later | Good things take time | Ankur Warikoo,Dl2WPwLD3vs,2020-11-06T13:00:02Z,1151,19122,54
DO NOT do THESE common job MISTAKES! | Interview Tips | Ankur Warikoo,yAF7zt0vjzg,2020-11-05T13:00:12Z,1142,18495,31
Networking tips | Ankur Warikoo | approaching people for help,Z-eh0t3OR80,2020-11-04T13:00:08Z,875,12990,19
Get out of your comfort zone | how to grow | Ankur Warikoo,I0eW_Xp8_9s,2020-11-03T13:00:03Z,1206,21951,17
Internships/Jobs reaction video | Ankur Warikoo | Is it the same everywhere?,7hvaUSz0OO0,2020-11-02T13:00:05Z,410,5002,18
A 16-year old doesn't know what to do in life | Ankur Warikoo | Decision Making Process,0kElhdo0DwI,2020-11-01T07:30:00Z,1627,19999,84
Choose college or course? | Ankur Warikoo | Delhi University college vs branch,IPgGlJ6zmtQ,2020-10-31T07:15:00Z,1761,27315,102
Public Speaking Skills | Boost your Confidence | Ankur Warikoo,savwVzZh5go,2020-10-29T13:00:25Z,9405,145054,336
Unhappy with your Job? Should you quit? | Ankur Warikoo Jobs | Jobs Advice in Hindi,f5YZC8XNChk,2020-10-28T13:00:10Z,1198,19191,59
Should I take a gap year? | Ankur Warikoo | Advice for every 20 year old,tQ7jI_94iuw,2020-10-27T13:00:19Z,1959,26783,115
Finding Happiness in Life | Ankur Warikoo Hindi Video | Life Advice,FYYMzYdXkN8,2020-10-26T13:01:32Z,1145,16205,65
Always ask WHY first | Ankur Warikoo motivation | Life Lessons | Career advice,bVcu3PxA_cU,2020-10-25T07:15:02Z,281,4158,13
3 money management tips | Best Personal Finance Strategies | Ankur Warikoo Hindi Video,TITs-R1BM-M,2020-10-24T07:30:01Z,2813,66660,101
How to stay motivated all the time | Ankur Warikoo | Stay inspired 24X7 | Motivational Video,hB0rspHURhQ,2020-10-22T13:15:04Z,1180,19796,39
How to choose a career | Ankur Warikoo | How to decide a job | Career Advice,aIDpPkhLvKI,2020-10-21T13:00:01Z,775,12111,37
How to negotiate salary | Ankur Warikoo | 4 steps to successful negotiation,_r6f2enui-o,2020-10-20T13:30:01Z,5766,319702,99
How to ask good questions | Ankur Warikoo | Asking the right questions | life Skills,0TijvNkhBOE,2020-10-20T13:30:00Z,526,10126,24
The most IMPORTANT advice to success | Ankur Warikoo motivation | Success motivation,at3pNucCdE8,2020-10-19T13:45:01Z,369,4295,21
How to deal with haters on Social Media | Ankur Warikoo | Don't feed the Trolls!,rFf7wPojvzQ,2020-10-18T08:15:52Z,137,2019,9
Common financial mistakes YOU HAVE TO AVOID | Ankur Warikoo | Money mistakes in 2021,mt9ruc-iS2I,2020-10-17T07:30:01Z,4553,105751,238
Should you wait for the right business idea? | Ankur Warikoo | Entrepreneurship tips | Startup tips,95OW7_36nqo,2020-10-16T07:30:01Z,548,8851,21
How to choose a career? | Ankur Warikoo | Ultimate Career Advice,CPAhCOMhJds,2020-10-15T13:15:00Z,3013,49479,120
How to build a strong Company Culture | Ankur Warikoo | Fostering a culture of innovation,ymTv1QeUNqI,2020-10-14T13:07:13Z,150,2907,4
Reading habits of successful people | Ankur Warikoo Books | Motivational Video,oiDx105TxLU,2020-10-13T13:15:01Z,2860,49592,66
20 books you NEED to read | Book recommendations for personal growth | Ankur Warikoo Hindi,rKs77XqugjU,2020-10-11T12:30:04Z,7120,141954,202
How to manage your money like THE RICH | Ankur Warikoo,Ge075ffkfT4,2020-10-10T12:30:02Z,4399,102669,211
What if you were immortal? | Ankur Warikoo | Interview Questions and Answers | How to plan your life,GA1VtMD5Fcs,2020-10-09T12:30:01Z,130,1908,19
POSITIVITY: The Power of Positive Thinking | Ankur Warikoo | How to be Happy | Optimism,Qb4XCtgp8QI,2020-10-08T13:00:06Z,286,4421,23
Do this EVERY MORNING! | Habits of successful people | Ankur Warikoo,Gvm_XRbXiJ4,2020-10-07T13:00:04Z,16771,357460,476
Choosing the right Job! | How to make the right decision | Ankur Warikoo Career Advice,Wk-EkcMJ5bo,2020-10-06T13:00:13Z,572,9810,25
Is comfort zone ruining your life? | Find your motivation | Ankur Warikoo Hindi Video,zUZ-gglWOw4,2020-10-05T13:00:28Z,34227,588783,721
College entrepreneurship: My thoughts | Ankur Warikoo | Entrepreneurship Myths,qv2R-97LdJE,2020-10-04T12:30:12Z,242,4128,15
How to ask for feedback | Ankur Warikoo | wari-Q Episode 27,0z6XHmmieq0,2020-10-03T12:30:00Z,193,2741,18
FEAR OF FAILURE | Ankur Warikoo | Overcome the worst time of your life!​,uvvuO2E36kU,2020-10-02T13:00:13Z,209,4622,4
"When you seek an advice, YOU KNOW the answer | Ankur Warikoo | An MBA now or later?",MuiEy5n7HkE,2020-10-01T13:30:03Z,321,5243,10
Is there a lion in you? | Ankur Warikoo Hindi | Motivational Speech,po6zkMXm9MQ,2020-09-30T13:30:02Z,322,3817,27
People judged him- He shocked them with his talent | Ankur Warikoo | Never Give Up,FzTNKcJMCuA,2020-09-29T14:10:13Z,305,3500,23
What to do when you're HURT? | Ankur Warikoo Hindi Video | How to be Happy?,nrCDah5ie3g,2020-09-28T12:30:08Z,994,14213,46
"How to be impactful in life | Ankur Warikoo | Life Lessons | Confidence, Opportunity, Capacity",za5NkfvM94E,2020-09-27T13:00:19Z,98,2357,11
Building good and healthy habits | 3 IMPORTANT tips | Success Habits of millionaires!,lPVTnHHSUpM,2020-09-26T12:30:07Z,2031,37808,67
Cold emails: How to write an email | Ankur Warikoo | 3 steps to writing the perfect cold email,_wQGd6Crkaw,2020-09-25T12:30:03Z,2419,44303,31
Marketing strategy in COVID times | Ankur Warikoo | Managing through Crisis | Coronavirus,z_PUNCzVFd4,2020-09-24T12:30:07Z,114,2175,8
Best Advice for every 20 year old | Ankur Warikoo | Discover your passion,ySVVuwo9wuY,2020-09-23T12:58:14Z,8922,131797,292
I LOVE meeting new people! | Ankur Warikoo ft. @Shyam R. | This will make your day,QM2OMIZl7RQ,2020-09-22T12:30:05Z,176,2588,16
Why I chose to come back from the US | Ankur Warikoo ft. @BeerBiceps  @Ranveer Allahbadia,M4sOzHPF3ZU,2020-09-21T12:30:02Z,234,5069,4
Networking tips | How to connect with the right people FOR YOU! | Ankur Warikoo,kDM3EzZEhmg,2020-09-20T12:30:04Z,363,8387,21
My Resume of Failures | Ankur Warikoo | CV of Failures | Motivational Video | wari-Q Episode 25,fnBRpKKpEeI,2020-09-19T12:30:06Z,403,5649,40
LIVE WITHOUT REGRETS | Ankur Warikoo | Personal Growth and Self Improvement | What if?,dQNUoxycGBQ,2020-09-18T12:30:03Z,434,4803,16
Logic vs Emotion | The Secret to Personal Growth | Ankur Warikoo,2HBcI32BAz8,2020-09-17T12:30:00Z,304,5861,16
Ways to discover your passion | Ankur Warikoo | What do you want in life?,tndcxA7sT2E,2020-09-16T12:30:05Z,6748,87562,229
Own your life | Ankur Warikoo motivation | Live life on your own terms,gigi9RKe_Wc,2020-09-15T12:30:03Z,810,13599,68
Food IS NOT your only diet | Ankur Warikoo | Feed Your Brain!,txH2hVl8pDs,2020-09-14T12:30:08Z,798,9718,26
LinkedIn Connections and Social Selling | Friday Night live with Ankur Warikoo | Networking tips,lsTbag2kIO4,2020-09-13T12:30:04Z,182,4716,8
Important mistakes to AVOID in your 30s | Personal Growth | Ankur Warikoo motivation,fkVUmPtlhSI,2020-09-12T12:30:06Z,1863,43012,124
Do good in silence | Doing the right thing even when NO ONE is watching | Ankur Warikoo,j9pqiNdE430,2020-09-11T12:30:05Z,132,1694,7
What to do after 12th? | Ankur Warikoo | Choosing the best career option | Career Advice,xEGTpBeblAM,2020-09-10T12:30:09Z,391,5059,16
Live in the present not the past | Mirrors not photographs | Ankur Warikoo motivation,kmNzgMksTi4,2020-09-09T12:30:04Z,194,2020,10
How to charge people for your work?  | Freelancing tips | Ankur Warikoo,DLwz0awbGwg,2020-09-08T12:30:03Z,341,4017,19
Productivity hacks to make you MORE EFFICIENT | Ankur Warikoo time management tips,7RgvQlO0Ohg,2020-09-07T12:30:00Z,917,21692,21
Gaining momentum for success? | Ankur Warikoo | Dealing with inferiority complex | Life lessons,VpycGfuQQQg,2020-09-06T12:30:02Z,120,2169,18
20 mistakes to avoid in your 20s | Every 20 year old NEEDS to hear this! | Ankur Warikoo,jUCRrobU1g0,2020-09-05T12:30:06Z,7747,120217,351
Conflict Resolution: Managing disagreement with boss | Ankur Warikoo | Conflict management,jkpYqut2a50,2020-09-03T18:30:04Z,117,2114,8
Focusing on one thing at a time | Ankur Warikoo | Multitasking | Productivity | Goal setting,lCaj5naCYpU,2020-09-03T12:30:11Z,426,5185,31
Perfecting work life balance | Ankur Warikoo | Managing work and physical health | Mental Health,x5Ssyi7SEqo,2020-09-02T12:30:05Z,410,7144,16
My opinion on Period Leave in India | Ankur Warikoo | Fighting taboos,sOt17lRzbxE,2020-09-01T12:30:03Z,152,2324,16
How you can choose your career path | Ankur Warikoo Career Advice | Valuable Tips,x1FEXzllR_w,2020-08-31T12:30:06Z,939,13445,57
YOUR destiny is in YOUR hands! | Friday Night live with Ankur Warikoo Ep #4 | Life lessons,lIGoxe1WTI0,2020-08-30T13:30:12Z,157,3068,9
The best way to sharpen your brain | 3 important things to keep in mind | Ankur Warikoo motivation,fkc-QmIL2WY,2020-08-29T13:30:02Z,5388,80926,161
Why I do what I do | Ankur Warikoo | My gratitude affirmations,yd7uua3TzH4,2020-08-28T13:30:05Z,88,1446,5
Are you proactive or reactive? | Ankur Warikoo Hindi | Growth Mindset,dYJRKMVtzwI,2020-08-27T13:30:05Z,225,3135,12
How to fire someone the right way | Ankur Warikoo | Professionalism and ethics in the workplace,U-PDk_f-o5E,2020-08-26T13:30:03Z,77,1561,8
How to forgive someone who hurt you | Ankur Warikoo motivation | Been hurt?,kQhDNTc7iN8,2020-08-25T13:30:03Z,460,6757,17
Parenthood: Handling anxiety and uncertainty as a mother | Ankur Warikoo | Parenting tips | Hindi,-3Q-k4WQTDI,2020-08-24T13:30:00Z,43,1361,6
What is this trying to tell me? | Life lessons / Friday Night Live with Ankur Warikoo Ep. #3,Oa8nFeZAuJk,2020-08-23T13:30:02Z,89,2322,13
Time Management Tips for Students and Working Professionals! | Ankur Warikoo,imOdxyhzIyA,2020-08-22T13:45:01Z,3635,80437,141
Life is a game: Here is the cheat code! | Ankur Warikoo Hindi | Taking risks in life | Motivational,u5iU5_3VPG0,2020-08-21T13:45:02Z,189,2869,16
How much is your time worth? | Ankur Warikoo ft. @Tanmay Bhat | The value of your time,UXo01OVhW7E,2020-08-20T13:45:01Z,341,6269,20
Things I'd tell to my 20-something self | Find out what you want to do in life | Ankur Warikoo,MA_e6aL3e3k,2020-08-19T14:12:26Z,5597,71985,191
Book recommendations for 2021 | Ankur Warikoo x @BeerBiceps | Top reads for you!,tu1gPKBPm5k,2020-08-19T07:00:09Z,4198,94114,67
What adults can learn from kids | Ankur Warikoo | A poem about growing up | Motivational Video,5C368YxA61g,2020-08-18T07:00:01Z,155,1776,16
My advice to college kids | Ankur Warikoo ft. @Tanmay Bhat,jfAyMcraHXI,2020-08-17T07:00:39Z,825,13460,24
The time I discovered I was a Genie! | Friday Night Live with Warikoo | Episode-2 | Ankur Warikoo,z8H-b2nfzKw,2020-08-16T07:03:35Z,148,2627,15
Getting your dream job | Cold email techniques for 2021 | Ankur Warikoo,2CV6nzeyg7s,2020-08-15T07:00:00Z,6219,103837,212
My relationship with Money | Ankur Warikoo ft. @Tanmay Bhat,FK21biljMhQ,2020-08-14T07:00:05Z,463,10682,20
The biggest tragedy in life | Ankur Warikoo | Hindi | Motivational Video,257ov-XHBew,2020-08-13T07:00:00Z,167,2320,15
The reality of entrepreneurship ft. @Tanmay Bhat | Business Future of our country | Warikoo Videos,I8SxDxUkvyg,2020-08-12T07:00:06Z,315,6308,13
Why do we seek validation? | Ankur Warikoo | Hindi | The science behind showing off,9pOxtHhIUTI,2020-08-11T07:00:00Z,357,4728,24
DON'T GET COMFORTABLE | Ankur Warikoo w/ @Tanmay Bhat,EbnGHsVy9-M,2020-08-10T07:00:02Z,488,7333,19
Friday Night Live with Warikoo | Episode-1 | Ankur Warikoo | Awareness is Everything,Vx_1EIbUu60,2020-08-09T14:30:03Z,206,3781,33
Get people's attention in 5 EASY steps | Effective communication tips | Ankur Warikoo,GconXjW2X_A,2020-08-08T12:00:08Z,2132,38485,81
Time Management Tips in Hindi | Ankur Warikoo on How to Manage Time | Get More Done!,9aSMiQUAe8c,2020-08-05T12:00:03Z,7206,132447,274
How to convince your parents? | Ankur Warikoo | wari-Q Episode 18 | Convincing your family,evmDvjzFv54,2020-08-01T12:00:12Z,355,5167,48
Ankur Warikoo's Failure Resume | My CV of failures | Ankur Warikoo हिंदी वीडियो,fZri1J5aC0w,2020-07-29T12:00:20Z,3283,50702,280
Learn a skill in 3 steps in 2021 | Ankur Warikoo | Top skills to learn in 2021,QQGLof2Nttc,2020-07-25T05:00:11Z,1305,21934,95
Are you a RECENT graduate? | Ankur Warikoo Hindi Video | Coronavirus pandemic for Students,yVsk0KeBnUE,2020-07-22T04:30:07Z,247,4094,48
Navigating the first days of YOUR NEW JOB | Ankur Warikoo Career Advice | Make a GREAT impression!,_q3Xp-LaFWs,2020-07-18T05:00:09Z,723,9641,66
Have you LOST the QUALITIES you once HAD? | Ankur Warikoo Hindi Video,jzerm0Ju4Qc,2020-07-15T04:30:04Z,2251,31023,139
How to Boost your Self Confidence? | Ankur Warikoo motivation | Do you feel inferior to others?,Alk8xSxnWWQ,2020-07-11T05:00:00Z,3863,60940,271
How to change people? | लोगों को कैसे बदलें? | Ankur Warikoo | Setting the right examples,gmlrkekHD_o,2020-07-08T04:30:05Z,255,3162,44
What makes you Angry? | CONTROL your ANGER | Ankur Warikoo tips,GLf1h3VA2nc,2020-07-04T05:00:02Z,326,5101,43
How your job is ruining your relationships | Ankur Warikoo Hindi | Is your job ruining your life?,xQFeVtN1Tv4,2020-07-01T04:30:06Z,320,5406,49
How to write cold emails | Steps to writing a perfect cold email | Ankur Warikoo,2VG1Px105Vc,2020-06-27T05:00:00Z,8794,171703,242
Ikigai in Hindi explained | Discover your passion! | Ankur Warikoo,HN9A_8Sm5Xs,2020-06-24T04:30:01Z,5751,90958,293
Dealing with Office Politics | Important tips | Ankur Warikoo | Career Advice 101,GymvWtiSy5E,2020-06-20T05:00:01Z,2817,77863,190
"Focus on your strengths, not your weaknesses! | Hindi | Ankur Warikoo | Motivational Video",2tlv4EiQwuQ,2020-06-17T04:30:01Z,495,7544,53
How I deal with negative thoughts | Ankur Warikoo | Stop negative thoughts,CXhmv35nHgA,2020-06-13T05:00:04Z,715,12480,79
Taking Risks in Life | Ankur Warikoo | Kya Zindagi mein risks leni chahiye? | Motivational Video,Tdin9ziD1io,2020-06-10T04:30:03Z,839,12635,57
How to stay motivated | Break Bad Habits | Ankur Warikoo Motivation,qZhdowU_TIw,2020-06-06T05:00:15Z,1314,19744,71
Happiness का Japanese formula | Ikigai explained | Ankur Warikoo  हिन्दी वीडियो | Do what you love,Y9xU-q6yjPU,2020-06-03T04:30:04Z,16788,323980,548
Your network is your NET WORTH | Networking tips | Ankur Warikoo,NZw4hNJGgSQ,2020-05-30T05:00:12Z,7867,148064,495
How much do you know about the person you admire? | Ankur Warikoo | Overcome Jealousy,WBaY9G2kawY,2020-05-27T12:00:18Z,1659,23647,80
Starting a business in 2021 | Should you launch a Startup? | Ankur Warikoo,2wAQHlS_2io,2020-05-23T05:00:00Z,2357,56711,160
How to deal with problems in life | Ankur Warikoo Hindi | Motivational Speech | Solving Life Problem,bJMlJnc4IDA,2020-05-20T12:00:31Z,1428,23845,87
WHY is this happening to ME? | wari-Q: Episode 07 | Ankur Warikoo,PJmauUYfQDE,2020-05-16T05:00:03Z,243,3998,34
You are more CAPABLE than YOU THINK you are | Ankur Warikoo | Your only limit is YOU,J96CGqU3a5E,2020-05-13T12:00:09Z,7254,116482,287
Unhappy with your Job? Should you quit? - PART 2 | Ankur Warikoo Jobs | Jobs Advice in Hindi,AOjeXghR9go,2020-05-09T05:00:03Z,1697,55535,192
Whose advice should I listen to? | किसकी सलाह सुनू ? | Ankur Warikoo | Life Lessons | Hindi,k3nssJmooOQ,2020-05-06T13:30:06Z,202,2859,34
warikoo Weekly rewind #3- A compilation of all my weekly videos! | Ankur Warikoo | Hindi,ZhAVgEBOzV8,2020-05-03T08:00:12Z,51,957,10
Hate your Job but cannot quit? | Need that extra money? | Warikoo Motivation,HpvCXV4mcMM,2020-05-02T05:00:05Z,2801,68209,285
Do you have an UNHEALTHY relationship with MONEY? | Ankur Warikoo | Don't let Money break you up!,evnw2TqbECw,2020-04-29T12:00:21Z,1159,15436,130
warikoo Weekly Rewind #2 | Ankur Warikoo | Life Lessons | Motivational Videos in Hindi,fesWpR6VO90,2020-04-26T07:45:01Z,81,945,13
Making a difficult choice | Ankur Warikoo | Are choices reversible?,-g7jupVSV8U,2020-04-25T05:00:00Z,583,10452,48
The Importance of LISTENING | Ankur Warikoo motivation | Being a good listener,zWIzVlXKdRw,2020-04-22T12:00:36Z,2141,31926,79
warikoo Weekly Rewind #1 | Ankur Warikoo | Hindi | Life Lessons,JJuSS9KNBmc,2020-04-19T16:01:34Z,97,1125,9
Asking someone to be your mentor | Ankur Warikoo | Career advice | Personal growth,67Vu7yRMVV4,2020-04-18T04:30:00Z,1084,21516,79
Psychology of Happiness | Ankur Warikoo Hindi Video | How to be happy?,01JTm2CBSn8,2020-04-15T12:00:01Z,622,9900,26
Productivity hacks - Work From Home edition | Ankur Warikoo on WFH | Career Advice,85pLLpmeliE,2020-04-11T04:45:00Z,358,9989,15
The ULTIMATE advice to your YOUNGER SELF! | Ankur Warikoo Hindi Video,XCK7iV6Ykdk,2020-04-08T15:15:02Z,1270,20568,78
Find a mentor | Career Advice for Personal Growth | Ankur Warikoo Motivation,lpfxdFyJyzI,2020-04-04T05:30:06Z,1678,35529,62
RBI ka aadesh: Kya nahi deni hogi 3 mahine ki EMI? | Ankur Warikoo | Lockdown Updates | Hindi,FY0v_ubKi5w,2020-04-02T11:38:36Z,57,1697,9
Why you have a hard time trusting people | Ankur Warikoo | Hindi | Trust Issues,tspAs9rQ8ek,2020-04-01T13:15:16Z,449,6517,28
What leads change in your life? | Thoughts by Ankur Warikoo | Motivational Videos in English,jfRyO3U3ZeU,2020-03-27T12:00:13Z,165,3676,5
आपके जीवन में कौन परिवर्तन लाता है? | Aap kiski wajah se badalte hain? | Hindi Motivational Videos,NskXH7PnZro,2020-03-27T12:00:12Z,95,1494,3
3 ways covid 19 impacted my learning | What it gave and took from us | Ankur Warikoo motivation,XaDT6TR-OcE,2020-03-26T06:12:54Z,379,13294,30
Who sets your Boundaries? What are your limits? | Thoughts by Ankur Warikoo | Motivational Video,byU7P54-Q1k,2020-03-25T08:33:29Z,244,3449,9
PM Modi Speech: Kya hoga #CoronavirusLockdown mein?| समपूर्ण लॉकडाउन क्या है? 21 दिन में क्या होगा?,jWziWpfPrFA,2020-03-24T15:40:17Z,78,1502,14
जनता कर्फ्यू का क्या असर हुआ | #SocialDistancing kya hai? | Corona virus Updates India 2020,gIckyZktUkk,2020-03-24T05:15:01Z,105,1684,18
Second wave of Coronavirus in India | What is Janta curfew? | Covid-19 Lockdown,fA-4_d5lERo,2020-03-21T06:26:47Z,841,20638,146
How do you make choices in life? | #warikooWednesdays S03E24 | Ankur Warikoo | Decision Making,mf79nZ8qcig,2020-02-19T05:30:00Z,151,2509,8
Is sacrificing yourself always the best thing to do? | #warikooWednesdays S03E23 | Ankur Warikoo,1bBDs0SaXVw,2020-02-13T07:33:54Z,111,1954,2
Business Marketing Ideas in 2021 | How to create Marketing Plans? | Ankur Warikoo with @Tanmay Bhat,4A2uiVBOYsk,2020-02-06T13:39:36Z,2440,59131,109
Who is your biggest fan? | #warikooWednesdays S03E22 | Ankur Warikoo | Motivational Speech English,gbCBRD81gCc,2020-02-05T14:04:41Z,86,1391,7
What is your definition of Success? |#warikooWednesdays S03E21 | Success and Failure | Ankur Warikoo,1kLRIvzMPlE,2020-01-22T11:57:56Z,68,2057,12
What are you chasing in life? | आप किस के पीछे भाग रहे हैं? | Hindi Motivational Video,3giC6EV7Oq4,2020-01-19T08:18:43Z,3579,52014,31
What makes life worth living? | #warikooWednesdays S03E20 | Ankur Warikoo | The joy of living,i3C7K2QZgW0,2020-01-15T14:56:07Z,50,963,8
The root cause of suffering | #warikooWednesdays S03E19 | Ankur Warikoo | Sadness and sorrow,PFEnt-Oc0fM,2020-01-08T14:41:42Z,59,1053,8
Have you ever bought a lottery ticket? | Ankur Warikoo Hindi,8icZUA3-TWk,2019-12-29T15:52:41Z,28953,389731,239
The secret to being successful in life | Ankur Warikoo | Best Motivational Videos of 2020,9WMewstHHEY,2019-12-28T13:30:50Z,2529,51946,15
"How do you react in life, when you lose? | Ankur Warikoo | Best Motivational Speakers 2020",I_LqRg80ZdI,2019-12-23T12:46:38Z,3794,63631,23
Be like water! | #warikooWednesdays S03E18 | Ankur Warikoo | When plans fail,fcVIBLlZCOI,2019-12-18T13:42:13Z,75,1279,8
"Am I a better person today, than I was yesterday? | Ankur Warikoo | Motivational Videos in English",6L-ibmE9F9w,2019-12-14T13:06:32Z,1315,22684,11
This quote by Rumi will change your life | Ankur Warikoo | Inspirational video in english 2020,1zN6W4-unbo,2019-12-13T04:40:39Z,19652,265253,156
The Value of Your Words | #warikooWednesdays S03E17 | Ankur Warikoo | Motivational speech in English,4hfB0tibgSA,2019-12-11T18:30:00Z,52,962,2
What should I do in life? | Ankur Warikoo | Best Motivational Speakers of India 2020,NNk96ZqmH9E,2019-12-06T15:50:19Z,2452,33471,7
Do you deserve to be where you are?|#warikooWednesdays S03E16| Ankur Warikoo | Hard work and Success,xSrL-nwPBgg,2019-12-04T12:01:37Z,65,905,5
It is very easy to come up with new ideas! | Ankur Warikoo | Entrepreneurs of India,ycq7pq0brbA,2019-12-03T13:43:38Z,1082,19684,6
No work is poor | Ankur Warikoo | Motivational Video 2020 #shorts,ZQXNPvlFmGc,2019-11-30T13:34:44Z,3899,80646,46
Diversity in the workplace- and why it is necessary | #warikooWednesdays S03E15 | Ankur Warikoo,U2ayZLu7S3Y,2019-11-27T13:11:24Z,32,692,5
Has someone hurt you? | Ankur Warikoo | English Motivational Video 2020 | Life lessons,mIeodQzVvE0,2019-11-25T13:45:51Z,610,10160,8
Who do we fall in love with? | Ankur Warikoo | Top Motivational Speakers of India 2020,IM728oUYoL0,2019-11-24T11:55:38Z,1192,13416,19
When will you be happy? | Ankur Warikoo | Inspirational Videos in English 2020,yQe1Vgi2iD0,2019-11-23T12:22:08Z,412,5092,8
Is it Even Possible to be happy? | #warikooWednesdays S03E14 | Ankur Warikoo | Pain and Happiness,PhA5xkwqjzs,2019-11-20T13:28:59Z,64,929,15
How to create an impact? | Ankur Warikoo video | Growth Mindset,k62xP-XNWbQ,2019-11-16T11:45:00Z,203,3629,4
How hard can you work after getting that one chance? | Ankur Warikoo | Motivational Video in English,hxBjyxzaopY,2019-11-14T09:25:55Z,1314,9586,11
A Wise Man once said Nothing | #warikooWednesdays S03E13 | Ankur Warikoo | Motivational Video,mPHdhWk0ZYI,2019-11-13T12:37:48Z,107,3047,9
What is the biggest mistake you can make at Work? | Ankur Warikoo | Best Motivational Videos 2020,PrAwwjOfCX4,2019-11-09T14:21:30Z,7773,123195,57
Log Kya kahenge? | Ankur warikoo 2020 video | Life lessons,50JiNQBknWk,2019-11-07T08:23:34Z,346,4485,1
How I take decisions | #warikooWednesdays S03E12 | Ankur Warikoo | Decision making | English,-8hK4Y5h_HQ,2019-11-06T12:55:39Z,82,1894,5
Is this worth it? | #warikooWednesdays S03E11 | Ankur Warikoo | Motivational Speech in English,mK7cvNNuI4Q,2019-10-30T15:25:01Z,46,875,4
What is respect? | Ankur Warikoo Video | Motivational speech English,PBGFOMKpQNc,2019-10-26T07:29:51Z,383,5852,3
Prediction and Patterns | #warikooWednesdays S03E10 | Ankur Warikoo | Preparing for Change,FAHZLdO-8H4,2019-10-23T13:37:55Z,38,1073,2
One question to always ask yourself | Ankur Warikoo | Dealing with shock,Q84EjOzLxDQ,2019-10-22T13:34:34Z,155,2975,2
Why are you always asking for permission? | Ankur Warikoo | Inspirational Videos of India,SIWQlRrzAAQ,2019-10-21T09:12:00Z,342,4138,6
Why you should make more mistakes | warikoo #shorts,ByriBDLZf-Y,2019-10-19T13:01:46Z,585,21951,3
"Exit from one life means, entry in to another life! | Ankur Warikoo | Motivational Videos of 2020",hCy7nDg1olE,2019-10-18T08:14:34Z,144,2667,1
What is the purpose of a child? | #warikooWednesday S03E09 | Ankur Warikoo | Living in the moment,Ue3Uuwczt2k,2019-10-16T13:22:32Z,51,991,3
Who values you the most? | #warikooWednesdays S03E08 | Ankur Warikoo | Self Growth and Motivation,jeOjCUSiJDE,2019-10-09T13:54:14Z,80,927,4
Ab pata chala kaisa lagta hai? | अब पता चला कैसा लगता है? |  AnkurWarikoo | Hindi Motivational Video,C58oYMEQR-Q,2019-10-03T08:30:01Z,1092,25386,14
Will I regret not taking this decision later in life? | #warikooWednesdays S03E07 | Ankur Warikoo,yY9YU2UxZ8s,2019-10-02T12:30:05Z,111,1956,10
"Embrace the change, Don't try to run away from it.",vOTteGVhx00,2019-10-02T08:30:03Z,349,4791,6
Regret is the end of your life.,7Y_cvhv3kjY,2019-10-01T08:30:01Z,655,9302,15
The answer is always 'NO' if you don't ask the question!,6McnjMdWigU,2019-09-30T08:30:00Z,142,2326,2
Do you want to get inspired?,duLtG3FsVTk,2019-09-29T08:40:20Z,141,2086,11
Did you grow up too fast? | #warikooWednesdays S03E06 | Ankur Warikoo | Living life passionately,z46IEFnfWWQ,2019-09-25T13:18:30Z,63,1033,9
More information does not mean better accuracy | #warikooWednesdays S03E05 | Ankur Warikoo | English,POwZR0hvWIo,2019-09-18T13:01:35Z,38,896,3
"Stop Regretting, Start Executing!",UsLTAMkPfoM,2019-09-15T13:19:47Z,202,3074,1
How to find a good mentor in life?,5kc5427LLwY,2019-09-02T06:30:00Z,541,7729,15
You would never learn from someone who always agrees with you :),vRevn7B9hN4,2019-09-01T14:02:37Z,147,2393,2
Aren't we all kids after all?,mGxn5BrQTxQ,2019-08-30T09:37:58Z,78,1661,2
To the kid in you: The truth is all that matters! | #warikooWednesdays S03E04 | Ankur Warikoo | Lies,Zv6XeVn2SqQ,2019-08-28T12:50:47Z,75,1093,6
We as humans tend to be jealous of others!,8O3sW2jmD30,2019-08-27T13:24:17Z,99,2006,2
The thing about destiny | #warikooWednesday S03E03 | Ankur Warikoo | Motivational Video in English,c02uRlNjWaI,2019-08-21T15:46:48Z,115,1765,11
That's your superpower!,i3eSwpwFmUM,2019-08-19T10:00:57Z,213,2715,3
Lessons on working out that my gym trainer imparted,lFN58lZTK0U,2019-08-17T05:30:00Z,95,1721,3
What are you waiting for in life?,SbHcJ9D-Tds,2019-08-16T07:02:53Z,1235,13373,23
Start helping your own self! | #warikooWednesdays S03E02 | Ankur Warikoo | Depend on yourself,TFk8smDTWpQ,2019-08-14T13:15:03Z,115,1605,12
Life is a single player game. | #warikooWednesdays S03E01 | Ankur Warikoo | Achieving goals in life,9Tl84L2TDKU,2019-08-07T13:54:50Z,305,4453,34
What is the Purpose of Human Life? | Friday Nights with Warikoo: Closing Episode | Ankur Warikoo,RwO3WnsscNc,2019-07-26T15:31:05Z,56,1682,9
Misleading Headlines,TWW86PjwjfM,2019-07-01T16:17:40Z,84,1675,6
Why are we so obsessed with solving problems? | Friday Nights With Warikoo Ep 13 | Ankur Warikoo,pdU_0XHaz5g,2019-06-28T16:48:01Z,45,1056,9
What is the worst thing about you?,2L_Lp-v68aU,2019-06-27T15:21:58Z,94,1742,3
Inspiration,ObW1cH1p1_4,2019-06-25T17:46:27Z,92,1483,1
Type of a person,jFHbwaMj2Ug,2019-06-24T17:18:42Z,256,3945,11
Why? | Friday Nights With Warikoo Episode 12 | Ankur Warikoo | Awareness is Everything,D6YnvjXV5zw,2019-06-21T17:45:40Z,35,897,2
Happy or Peaceful?,cc1vCYbeNmc,2019-06-20T10:57:54Z,128,1940,2
Actions and its consequences,j_Cjm8JZMKg,2019-06-19T16:47:22Z,88,1415,4
Do you feel let down by society? | Ankur Warikoo Motivation 2020 | Social Emotional Learning,C7v39uMHXio,2019-06-17T16:00:00Z,76,1376,2
What is it that we are trying to achieve? | Friday Nights with Warikoo Episode 11 | Ankur Warikoo,EttVoPkO_IM,2019-06-14T17:41:22Z,30,951,8
Failure to Success,6sjfu9u0Wqg,2019-06-12T16:35:21Z,124,1622,6
I love asking questions!,F2UI8dUCnKY,2019-06-11T15:19:24Z,39,771,3
"The best people, the worst times? | Friday Nights With Warikoo Episode 10 | Ankur Warikoo | English",h7RlHcWyaxg,2019-06-08T04:56:45Z,63,1163,13
Firing friends is just as important as hiring them!,zmH2ncTcZ1s,2019-06-06T14:09:01Z,57,1135,6
All of our entrepreneurs!,TP_TrQSOzB4,2019-06-04T13:59:02Z,105,1387,8
Do not let other people decide your self-worth!,NEiKE7PuM9E,2019-06-03T17:08:48Z,159,2006,4
Does progress make everyone happy? | Friday Nights with Warikoo Episode 9 | Ankur Warikoo,iVMVOS353Ho,2019-05-31T15:17:23Z,33,963,8
Road Not Taken,7lO-9Q-9FRQ,2019-05-29T16:35:02Z,1196,19637,18
How to answer important life questions? | Ankur Warikoo | Life lessons,mM4Lv5HoFEw,2019-05-27T13:03:49Z,393,7820,6
What makes us believe in things? | Friday Nights with Warikoo Episode 8 | Ankur Warikoo,N8RSI0-vVyE,2019-05-24T16:11:13Z,38,965,5
Respect,qgeMPm7YjNw,2019-05-23T17:21:10Z,251,3027,6
Negotiation,tCb_I3hrFYQ,2019-05-22T14:19:00Z,170,3480,3
Fear of Losing,2VcxFne5-PQ,2019-05-21T07:59:53Z,412,5851,6
Regret,3dn07jXRSD4,2019-05-20T09:21:51Z,339,4104,16
What is true motivation? | Friday Nights with Warikoo Ep 7 | Ankur Warikoo | Doing the right thing,mIPqeiq8-ao,2019-05-17T15:57:33Z,62,1091,13
Trust,MxhhBhNwfJg,2019-05-16T06:30:27Z,106,1878,8
Purpose of your life?,rCW_bYeIf1k,2019-05-13T06:34:31Z,826,10674,16
Should you be chasing happiness?  | Ankur Warikoo | Friday Nights with Warikoo Episode 6,k--v__5gUxM,2019-05-10T21:31:33Z,40,1001,5
Do parents fail their kids? | Friday Nights with Warikoo Episode 5 | Ankur Warikoo | Life Lessons,IwO-N_Z7L5g,2019-05-03T19:42:20Z,56,1305,6
What are we wishing for? | Friday Nights With Warikoo Ep 3 | Ankur Warikoo | Stories of Suffering,WRlgyBwPtWs,2019-04-19T18:03:39Z,43,1361,9
Can we do the right thing when no one is looking?,Th0W_q19EmA,2019-04-18T11:58:40Z,113,1603,10
Show them a different identity instead of accusing them!,Zz8TFVYb5Zw,2019-04-16T13:33:59Z,100,1665,5
What is the purpose of religion? | Friday Nights with Warikoo Ep 2 | Ankur Warikoo | Life Questions,HebXRdTVMCs,2019-04-12T17:13:42Z,87,2512,8
Hum zindagi bhar us ek cheez ka intazaar karte reh jaate hain!,CEf592x1eKo,2019-04-11T11:04:01Z,214,3149,6
"Do you often worry about time management? If yes, THIS IS what you need to know!",soWk270eldE,2019-04-10T12:44:02Z,122,2356,8
This is WHY you need work-life balance - and why you shouldn't have to!,9T8FZMJzUAE,2019-04-09T08:19:44Z,11107,154884,100
Who are we living for? | Friday Nights with Warikoo Episode 1 | Ankur Warikoo | Societal Pressure,-8EtKbQg4Fk,2019-04-05T17:29:03Z,137,4556,8
What is your superpower? | Ankur Warikoo | How to be successful in life,rnUwMlfk0C8,2019-04-05T07:27:55Z,2131,15170,19
2 pieces of advice about working out | Ankur Warikoo | Life Lessons,NscSrw-DOto,2019-04-04T13:13:21Z,493,5767,4
What is experience? | Ankur Warikoo Hindi | Life lessons,ADO7ORwa00Y,2019-04-03T09:20:56Z,528,9846,3
I made the same mistake.....!,w0ZQkFiW4Ec,2019-04-02T15:24:26Z,461,7269,6
Setting Smart Goals in Life! | Ankur Warikoo Hindi | Should you set Goals?,7YFEPzKDd2c,2019-03-06T10:05:11Z,2349,26647,88
#warikooWednesdays Season 2 Finale | Thank you for all the love!,hMU3M8rcliE,2019-01-30T12:23:50Z,29,1635,2
How to be successful in life? | #warikooWednesdays S02E24 | The value of Experience,MKu4VkiMttU,2019-01-16T14:16:22Z,87,1477,16
Why do you ask Questions? | #warikooWednesdays S02E23 | The Power of Questions,yXdhpSWVKx4,2019-01-09T11:34:59Z,43,1040,7
"How do you respond to apologies? | #warikooWednesdays S02E22 | ""I'm sorry"" | Ankur Warikoo",Fi4Tmiq6xpY,2019-01-08T09:39:51Z,70,1191,4
Feeling stuck in life? Watch this! | #warikooWednesdays S02E21 | Ankur Warikoo | Steps to success,pxmAwDsXWDE,2019-01-08T09:37:03Z,60,1413,2
Feeling lost? Even a map can't help you! | #warikooWednesdays S02E20 | Ankur Warikoo,eey-C0Cr7mc,2018-12-23T13:25:35Z,67,1433,3
Zindagi Kursiyon Ka Ek Khel Hai :) | Ankur Warikoo | Hindi | Life is a game of chairs!,oNvvT7EWw0A,2018-12-13T13:03:33Z,252,3759,12
A word that has no value! | #warikooWednesdays S02E19 | Ankur Warikoo | English,J9cxse76vpI,2018-12-12T17:58:21Z,79,1589,4
"Ask for advice, not for feedback! | #warikooWednesdays S02E18 | Ankur Warikoo | English",l8-hPHYgzjE,2018-12-05T17:27:34Z,71,1332,5
The riddle of experiences vs memories | #warikooWednesdays S02E17 | Experiencing and Narrating,QI5M0NWUEXo,2018-11-28T15:01:59Z,52,1202,1
Is Motivation even your friend? | #warikooWednesdays S02E16 | Ankur Warikoo,S1sHtgnwYvQ,2018-11-21T14:32:55Z,78,1765,5
The best way to change something about yourself | #warikooWednesdays S02E15 | Ankur Warikoo,l18ELxUICD8,2018-11-14T13:39:45Z,173,3362,7
What if you were immortal? | #warikooWednesdays S02E14 | Ankur Warikoo | Life Lessons,5O9ho1xYH28,2018-11-14T12:12:33Z,37,899,5
Excuses are not valid! | #warikooWednesdays S02E13 | Motivational Video | Ankur Warikoo,KZFgoGj5hmI,2018-10-24T12:48:03Z,43,1078,4
The value of zero | #warikooWednesdays S02E12 | Life Lessons | Ankur Warikoo,blh1PH5fyrI,2018-10-17T09:06:37Z,80,1602,8
"If I am not the best, then who is? | #warikooWednesdays S02 E11 | Ankur Warikoo",pYHR-PBR9do,2018-10-10T10:02:59Z,73,1421,8
Experience is the best teacher | #warikooWednesdays S02E10 | Ankur Warikoo,nvRln6ObexI,2018-10-03T14:09:50Z,83,1836,4
Are you willing to take the risk? | #warikooWednesdays S02E09 | Behavioral Economics | Ankur Warikoo,Dw96yIK1akY,2018-09-26T13:17:31Z,76,1578,4
Are you truly the person you think you are? | #warikooWednesdays S02E08 | Ankur Warikoo | English,riCXReA0QOY,2018-09-19T08:36:42Z,60,1398,2
How to set goals | #warikooWednesdays S02E07 | Goal setting and achievement | Ankur Warikoo,MJn4bsp1nHU,2018-09-18T18:08:29Z,95,2017,7
"My life is not going to be about goals, but about habits | #warikooWednesdays S02E06 | Ankur Warikoo",4cZxxlihxjY,2018-09-05T10:23:05Z,245,3613,21
Is first impression the last impression? | #warikooWednesdays S02E05 | Motivational Video,PogKgHkiPsQ,2018-08-30T09:22:19Z,100,2779,5
The difference between wanting and getting | #warikooWednesdays S02E04 | Ankur warikoo,LWAidNd-YLU,2018-08-30T09:17:47Z,159,2896,15
Today is a gift | #warikooWednesdays S02E03 | Ankur Warikoo | Motivational Video in English,NCsQJYMNVog,2018-08-15T16:23:11Z,123,2353,11
The source of all truth | #warikooWednesdays S02E02 | Ankur Warikoo | Life Lessons | English,txMlKFmVeOM,2018-08-15T11:12:45Z,142,2495,9
How to MOTIVATE people! | Ankur Warikoo Motivation | How to Convince People?,I9zcbLNGp4o,2018-08-01T11:34:54Z,323,6300,28
A Bigger Version OR A Better Version?,aALtf-BGpuY,2018-06-05T10:38:29Z,151,5157,3
Hardest thing in the world is.....,6tV5kgeNiQ8,2018-05-29T09:02:00Z,150,3768,2
Have you allowed excuses.....,VIcvvFO2RSI,2018-05-08T10:01:22Z,153,4578,3
Don't leave Inspiration to CHANCE!,D6a438l11hc,2018-04-16T06:29:49Z,138,3484,4
The best gift I have given to my own self,so0Zn_9bXV8,2018-04-11T09:58:06Z,139,3621,3
How do you think of your time & money?,2LMCI1BH9uE,2018-04-05T07:11:56Z,97,2788,3
The world does not care a FUCK!,UJUfkCDGroc,2018-03-31T06:59:23Z,199,4515,4
The best tool to win every single time,Gpz6Xd_8RQU,2018-03-28T12:37:20Z,165,3828,4
What kills me everyday,bigeJJp_9h8,2018-03-23T17:52:37Z,169,4259,2
Realisation from being an Entrepreneur for  over 10 years,iRbollKIZsc,2018-03-21T12:04:49Z,262,8568,6
Do You Have 5 Minutes For Your Ownself? #warikooQuotes,50C-bxGpEuo,2018-03-18T13:44:32Z,276,9515,5
#warikooWednesdays Season 1 Finale | Ankur Warikoo,IGJiXz09Jq8,2018-02-15T07:08:39Z,106,2980,6
Who will YOU be? | #warikooWednesdays S01E24 | Series Finale | Ankur Warikoo | Motivational Video,0_KMG_WL-vM,2018-02-07T07:08:47Z,945,3925,11
FOCUS is the new IQ | #warikooWednesdays S01E23 | Ankur Warikoo | Motivational Video in English,qMPM2-HG7VM,2018-01-31T14:52:58Z,273,5366,14
"STOP saying ""I am like this only""! | #warikooWednesdays S01E22 | Ankur Warikoo | Life Lessons",sQo0d80wOvs,2018-01-24T10:49:42Z,249,4656,14
What's the value of your time? | #warikooWednesdays S01E21 | Ankur Warikoo | Life lessons,3j5lV6n4vik,2018-01-17T13:06:27Z,299,5939,12
How to be happy in life? | Ankur Warikoo Hindi Video | Khush kaise rahe?,Ra_QMrmAPxQ,2018-01-10T13:27:29Z,354,7165,15
"Do the right thing, even when NO ONE is looking | #warikooWednesday S01E19 | Motivational Video",HOkhIrtV-_E,2018-01-03T11:33:40Z,131,3238,4
The worst way to teach someone a lesson | #warikooWednesdays S01E18 | Ankur Warikoo | Motivational,Iqu471c5hPY,2017-12-27T12:43:27Z,205,5043,9
Surround youself with the right people | Personal growth | Ankur Warikoo career advice,zXWGmYj0uqo,2017-12-20T06:12:14Z,433,10285,14
Success DOES NOT happen overnight | Ankur Warikoo | Career motivation,C1oH8P1ALHc,2017-12-13T13:59:33Z,341,7321,19
"One Task, One Goal | #warikooWednesdays S01E15 | Ankur Warikoo | Motivational Speech in English",K6JqWvFCZsg,2017-12-06T15:20:38Z,159,4190,12
"Everything has its flaws, but... | #warikooWednesdays S01E14 | Ankur Warikoo | Motivational Video",d9pdZZOCbwY,2017-11-29T12:09:13Z,252,5841,10
The world's reaction to your problems | #warikoowednesdays S01E13 | Ankur Warikoo | Life Lessons,OxYujD2YP7Q,2017-11-22T18:40:59Z,260,5661,11
Your key to SUCCESS is Self Awareness | Know Yourself | Ankur Warikoo,4xG1rZxIQfw,2017-11-15T15:20:39Z,312,8284,19
Don't leave Inspiration to Chance | #warikoowednesdays S01E11 | Ankur Warikoo | Motivational Video,2VDMSkkoT4w,2017-11-09T09:24:27Z,234,4964,13
Focus on the OUTCOME not the OUTPUT | Life lessons to remember | Ankur Warikoo motivation,kwOeFIJbXOo,2017-11-03T07:20:47Z,611,12972,32
"The One Question Every Entrepreneur Should Ask, Before they Startup | #warikooWednesdays S01E10",5KQvqWxQWDQ,2017-11-03T07:20:32Z,282,6292,14
Your Secret to becoming BETTER! | Ankur Warikoo | Success Motivation to improve your Life,PvZmeDFvzPI,2017-10-21T16:57:24Z,579,11365,10
How to take tough decisions in life | Decision making skills | Ankur Warikoo Motivational Video,sYD5H8ayQPs,2017-10-13T06:29:11Z,833,19330,14
GIVE UP if you are NOT HAPPY | Ankur Warikoo | Career and Life advice,xSO_xXgM5ew,2017-10-05T11:19:09Z,744,13925,27
Getting comfortable with being uncomfortable | Ankur Warikoo motivation | Don't get comfortable!,kcnp69YnFks,2017-10-05T11:02:37Z,1983,35476,65
What is success? | Ankur Warikoo motivation | Redefine Success,wmj29crjUv0,2017-10-05T10:46:35Z,440,9799,19
Choosing the right company for job! | Ankur Warikoo Jobs | Career Advice | Is it your FIRST JOB?,v-PNi0OEgn4,2017-10-05T10:45:50Z,437,11304,14
Is the power of imagination causing you harm? | Ankur Warikoo,-B8FdfaCv3I,2017-09-07T05:10:12Z,951,20661,33
"If You Don't Ask, The Answer Is ALWAYS, NO! | Ankur Warikoo motivation",YPjIpCh4EcE,2017-09-07T04:59:53Z,1680,40680,122
